2019-02-01 00:00:00,4,18
2019-02-01 00:00:00,7,12
2019-02-01 00:00:00,10,2
2019-02-01 00:00:00,13,34
2019-02-01 00:00:00,14,1
2019-02-01 00:00:00,17,3
2019-02-01 00:00:00,24,21
2019-02-01 00:00:00,25,4
2019-02-01 00:00:00,33,3
2019-02-01 00:00:00,35,1
2019-02-01 00:00:00,36,3
2019-02-01 00:00:00,37,3
2019-02-01 00:00:00,40,2
2019-02-01 00:00:00,41,12
2019-02-01 00:00:00,42,4
2019-02-01 00:00:00,43,15
2019-02-01 00:00:00,45,19
2019-02-01 00:00:00,48,320
2019-02-01 00:00:00,49,2
2019-02-01 00:00:00,50,37
2019-02-01 00:00:00,52,1
2019-02-01 00:00:00,61,5
2019-02-01 00:00:00,65,7
2019-02-01 00:00:00,66,1
2019-02-01 00:00:00,68,167
2019-02-01 00:00:00,69,1
2019-02-01 00:00:00,70,1
2019-02-01 00:00:00,74,18
2019-02-01 00:00:00,75,30
2019-02-01 00:00:00,79,349
2019-02-01 00:00:00,80,7
2019-02-01 00:00:00,82,3
2019-02-01 00:00:00,83,1
2019-02-01 00:00:00,87,47
2019-02-01 00:00:00,88,33
2019-02-01 00:00:00,89,3
2019-02-01 00:00:00,90,121
2019-02-01 00:00:00,92,1
2019-02-01 00:00:00,93,3
2019-02-01 00:00:00,95,1
2019-02-01 00:00:00,97,5
2019-02-01 00:00:00,100,204
2019-02-01 00:00:00,105,1
2019-02-01 00:00:00,106,4
2019-02-01 00:00:00,107,181
2019-02-01 00:00:00,112,8
2019-02-01 00:00:00,113,100
2019-02-01 00:00:00,114,163
2019-02-01 00:00:00,116,19
2019-02-01 00:00:00,119,1
2019-02-01 00:00:00,125,38
2019-02-01 00:00:00,129,1
2019-02-01 00:00:00,131,1
2019-02-01 00:00:00,132,273
2019-02-01 00:00:00,136,2
2019-02-01 00:00:00,137,120
2019-02-01 00:00:00,138,119
2019-02-01 00:00:00,140,54
2019-02-01 00:00:00,141,100
2019-02-01 00:00:00,142,155
2019-02-01 00:00:00,143,20
2019-02-01 00:00:00,144,104
2019-02-01 00:00:00,145,15
2019-02-01 00:00:00,146,12
2019-02-01 00:00:00,148,199
2019-02-01 00:00:00,151,26
2019-02-01 00:00:00,152,8
2019-02-01 00:00:00,158,107
2019-02-01 00:00:00,161,301
2019-02-01 00:00:00,162,242
2019-02-01 00:00:00,163,173
2019-02-01 00:00:00,164,347
2019-02-01 00:00:00,166,32
2019-02-01 00:00:00,168,2
2019-02-01 00:00:00,170,184
2019-02-01 00:00:00,173,1
2019-02-01 00:00:00,177,2
2019-02-01 00:00:00,179,1
2019-02-01 00:00:00,180,1
2019-02-01 00:00:00,181,7
2019-02-01 00:00:00,182,1
2019-02-01 00:00:00,185,1
2019-02-01 00:00:00,186,302
2019-02-01 00:00:00,188,2
2019-02-01 00:00:00,189,4
2019-02-01 00:00:00,193,1
2019-02-01 00:00:00,197,1
2019-02-01 00:00:00,198,1
2019-02-01 00:00:00,209,18
2019-02-01 00:00:00,211,82
2019-02-01 00:00:00,212,1
2019-02-01 00:00:00,218,1
2019-02-01 00:00:00,219,1
2019-02-01 00:00:00,222,1
2019-02-01 00:00:00,223,1
2019-02-01 00:00:00,224,12
2019-02-01 00:00:00,225,1
2019-02-01 00:00:00,226,9
2019-02-01 00:00:00,229,111
2019-02-01 00:00:00,230,379
2019-02-01 00:00:00,231,142
2019-02-01 00:00:00,232,19
2019-02-01 00:00:00,233,57
2019-02-01 00:00:00,234,224
2019-02-01 00:00:00,235,1
2019-02-01 00:00:00,236,33
2019-02-01 00:00:00,237,130
2019-02-01 00:00:00,238,99
2019-02-01 00:00:00,239,77
2019-02-01 00:00:00,244,11
2019-02-01 00:00:00,246,78
2019-02-01 00:00:00,247,3
2019-02-01 00:00:00,249,223
2019-02-01 00:00:00,255,29
2019-02-01 00:00:00,256,10
2019-02-01 00:00:00,259,2
2019-02-01 00:00:00,260,3
2019-02-01 00:00:00,261,32
2019-02-01 00:00:00,262,19
2019-02-01 00:00:00,263,77
2019-02-01 00:00:00,264,175
2019-02-01 00:00:00,265,12
2019-02-01 01:00:00,4,19
2019-02-01 01:00:00,7,12
2019-02-01 01:00:00,10,1
2019-02-01 01:00:00,12,1
2019-02-01 01:00:00,13,16
2019-02-01 01:00:00,17,1
2019-02-01 01:00:00,24,9
2019-02-01 01:00:00,25,5
2019-02-01 01:00:00,36,1
2019-02-01 01:00:00,37,4
2019-02-01 01:00:00,41,21
2019-02-01 01:00:00,42,8
2019-02-01 01:00:00,43,7
2019-02-01 01:00:00,45,20
2019-02-01 01:00:00,47,1
2019-02-01 01:00:00,48,207
2019-02-01 01:00:00,49,2
2019-02-01 01:00:00,50,24
2019-02-01 01:00:00,52,2
2019-02-01 01:00:00,54,1
2019-02-01 01:00:00,65,6
2019-02-01 01:00:00,66,1
2019-02-01 01:00:00,68,111
2019-02-01 01:00:00,70,1
2019-02-01 01:00:00,74,18
2019-02-01 01:00:00,75,17
2019-02-01 01:00:00,79,188
2019-02-01 01:00:00,80,6
2019-02-01 01:00:00,82,6
2019-02-01 01:00:00,87,30
2019-02-01 01:00:00,88,21
2019-02-01 01:00:00,89,2
2019-02-01 01:00:00,90,66
2019-02-01 01:00:00,91,1
2019-02-01 01:00:00,93,1
2019-02-01 01:00:00,95,2
2019-02-01 01:00:00,97,7
2019-02-01 01:00:00,100,92
2019-02-01 01:00:00,107,112
2019-02-01 01:00:00,112,3
2019-02-01 01:00:00,113,46
2019-02-01 01:00:00,114,133
2019-02-01 01:00:00,116,9
2019-02-01 01:00:00,120,1
2019-02-01 01:00:00,125,32
2019-02-01 01:00:00,127,1
2019-02-01 01:00:00,129,1
2019-02-01 01:00:00,132,111
2019-02-01 01:00:00,137,64
2019-02-01 01:00:00,138,26
2019-02-01 01:00:00,140,22
2019-02-01 01:00:00,141,57
2019-02-01 01:00:00,142,50
2019-02-01 01:00:00,143,15
2019-02-01 01:00:00,144,84
2019-02-01 01:00:00,145,14
2019-02-01 01:00:00,146,9
2019-02-01 01:00:00,148,191
2019-02-01 01:00:00,151,13
2019-02-01 01:00:00,152,3
2019-02-01 01:00:00,158,83
2019-02-01 01:00:00,161,154
2019-02-01 01:00:00,162,107
2019-02-01 01:00:00,163,83
2019-02-01 01:00:00,164,178
2019-02-01 01:00:00,166,30
2019-02-01 01:00:00,168,1
2019-02-01 01:00:00,170,106
2019-02-01 01:00:00,171,1
2019-02-01 01:00:00,173,1
2019-02-01 01:00:00,179,4
2019-02-01 01:00:00,181,7
2019-02-01 01:00:00,186,100
2019-02-01 01:00:00,189,1
2019-02-01 01:00:00,193,8
2019-02-01 01:00:00,194,1
2019-02-01 01:00:00,197,1
2019-02-01 01:00:00,209,14
2019-02-01 01:00:00,211,82
2019-02-01 01:00:00,215,1
2019-02-01 01:00:00,219,2
2019-02-01 01:00:00,223,3
2019-02-01 01:00:00,224,1
2019-02-01 01:00:00,225,1
2019-02-01 01:00:00,226,13
2019-02-01 01:00:00,229,84
2019-02-01 01:00:00,230,182
2019-02-01 01:00:00,231,95
2019-02-01 01:00:00,232,5
2019-02-01 01:00:00,233,47
2019-02-01 01:00:00,234,133
2019-02-01 01:00:00,236,22
2019-02-01 01:00:00,237,44
2019-02-01 01:00:00,238,45
2019-02-01 01:00:00,239,33
2019-02-01 01:00:00,243,2
2019-02-01 01:00:00,244,6
2019-02-01 01:00:00,246,49
2019-02-01 01:00:00,247,1
2019-02-01 01:00:00,249,156
2019-02-01 01:00:00,255,10
2019-02-01 01:00:00,256,5
2019-02-01 01:00:00,260,3
2019-02-01 01:00:00,261,16
2019-02-01 01:00:00,262,6
2019-02-01 01:00:00,263,51
2019-02-01 01:00:00,264,93
2019-02-01 01:00:00,265,10
2019-02-01 02:00:00,4,11
2019-02-01 02:00:00,7,3
2019-02-01 02:00:00,13,9
2019-02-01 02:00:00,24,7
2019-02-01 02:00:00,25,2
2019-02-01 02:00:00,35,1
2019-02-01 02:00:00,36,2
2019-02-01 02:00:00,37,2
2019-02-01 02:00:00,41,12
2019-02-01 02:00:00,42,6
2019-02-01 02:00:00,43,8
2019-02-01 02:00:00,45,11
2019-02-01 02:00:00,48,120
2019-02-01 02:00:00,50,25
2019-02-01 02:00:00,56,1
2019-02-01 02:00:00,61,1
2019-02-01 02:00:00,65,3
2019-02-01 02:00:00,68,95
2019-02-01 02:00:00,74,12
2019-02-01 02:00:00,75,13
2019-02-01 02:00:00,79,122
2019-02-01 02:00:00,80,1
2019-02-01 02:00:00,82,4
2019-02-01 02:00:00,83,1
2019-02-01 02:00:00,87,13
2019-02-01 02:00:00,88,6
2019-02-01 02:00:00,89,1
2019-02-01 02:00:00,90,64
2019-02-01 02:00:00,93,1
2019-02-01 02:00:00,97,1
2019-02-01 02:00:00,100,39
2019-02-01 02:00:00,107,67
2019-02-01 02:00:00,112,2
2019-02-01 02:00:00,113,32
2019-02-01 02:00:00,114,64
2019-02-01 02:00:00,116,8
2019-02-01 02:00:00,125,17
2019-02-01 02:00:00,129,9
2019-02-01 02:00:00,132,21
2019-02-01 02:00:00,137,27
2019-02-01 02:00:00,138,4
2019-02-01 02:00:00,140,11
2019-02-01 02:00:00,141,42
2019-02-01 02:00:00,142,15
2019-02-01 02:00:00,143,5
2019-02-01 02:00:00,144,67
2019-02-01 02:00:00,145,10
2019-02-01 02:00:00,146,7
2019-02-01 02:00:00,148,116
2019-02-01 02:00:00,151,7
2019-02-01 02:00:00,152,4
2019-02-01 02:00:00,158,63
2019-02-01 02:00:00,161,71
2019-02-01 02:00:00,162,91
2019-02-01 02:00:00,163,69
2019-02-01 02:00:00,164,98
2019-02-01 02:00:00,166,19
2019-02-01 02:00:00,168,1
2019-02-01 02:00:00,170,45
2019-02-01 02:00:00,173,1
2019-02-01 02:00:00,179,2
2019-02-01 02:00:00,181,2
2019-02-01 02:00:00,186,69
2019-02-01 02:00:00,193,3
2019-02-01 02:00:00,209,12
2019-02-01 02:00:00,211,32
2019-02-01 02:00:00,223,3
2019-02-01 02:00:00,224,3
2019-02-01 02:00:00,225,1
2019-02-01 02:00:00,226,11
2019-02-01 02:00:00,229,45
2019-02-01 02:00:00,230,110
2019-02-01 02:00:00,231,73
2019-02-01 02:00:00,232,6
2019-02-01 02:00:00,233,12
2019-02-01 02:00:00,234,68
2019-02-01 02:00:00,236,12
2019-02-01 02:00:00,237,30
2019-02-01 02:00:00,238,25
2019-02-01 02:00:00,239,26
2019-02-01 02:00:00,244,1
2019-02-01 02:00:00,246,51
2019-02-01 02:00:00,247,1
2019-02-01 02:00:00,249,94
2019-02-01 02:00:00,250,1
2019-02-01 02:00:00,255,7
2019-02-01 02:00:00,256,5
2019-02-01 02:00:00,260,4
2019-02-01 02:00:00,261,7
2019-02-01 02:00:00,262,4
2019-02-01 02:00:00,263,29
2019-02-01 02:00:00,264,72
2019-02-01 02:00:00,265,1
2019-02-01 03:00:00,4,5
2019-02-01 03:00:00,7,6
2019-02-01 03:00:00,10,1
2019-02-01 03:00:00,13,1
2019-02-01 03:00:00,17,2
2019-02-01 03:00:00,21,1
2019-02-01 03:00:00,24,3
2019-02-01 03:00:00,25,2
2019-02-01 03:00:00,28,2
2019-02-01 03:00:00,33,1
2019-02-01 03:00:00,36,1
2019-02-01 03:00:00,41,5
2019-02-01 03:00:00,42,3
2019-02-01 03:00:00,43,2
2019-02-01 03:00:00,45,3
2019-02-01 03:00:00,48,111
2019-02-01 03:00:00,50,18
2019-02-01 03:00:00,61,2
2019-02-01 03:00:00,68,123
2019-02-01 03:00:00,71,1
2019-02-01 03:00:00,74,7
2019-02-01 03:00:00,75,14
2019-02-01 03:00:00,79,104
2019-02-01 03:00:00,80,1
2019-02-01 03:00:00,82,1
2019-02-01 03:00:00,85,1
2019-02-01 03:00:00,87,5
2019-02-01 03:00:00,88,6
2019-02-01 03:00:00,90,35
2019-02-01 03:00:00,97,2
2019-02-01 03:00:00,100,28
2019-02-01 03:00:00,107,39
2019-02-01 03:00:00,112,2
2019-02-01 03:00:00,113,16
2019-02-01 03:00:00,114,40
2019-02-01 03:00:00,116,7
2019-02-01 03:00:00,125,18
2019-02-01 03:00:00,127,1
2019-02-01 03:00:00,129,8
2019-02-01 03:00:00,132,10
2019-02-01 03:00:00,137,23
2019-02-01 03:00:00,140,9
2019-02-01 03:00:00,141,41
2019-02-01 03:00:00,142,9
2019-02-01 03:00:00,143,4
2019-02-01 03:00:00,144,49
2019-02-01 03:00:00,145,8
2019-02-01 03:00:00,146,5
2019-02-01 03:00:00,148,85
2019-02-01 03:00:00,151,2
2019-02-01 03:00:00,152,1
2019-02-01 03:00:00,158,24
2019-02-01 03:00:00,160,1
2019-02-01 03:00:00,161,48
2019-02-01 03:00:00,162,34
2019-02-01 03:00:00,163,55
2019-02-01 03:00:00,164,62
2019-02-01 03:00:00,166,6
2019-02-01 03:00:00,168,1
2019-02-01 03:00:00,170,31
2019-02-01 03:00:00,177,1
2019-02-01 03:00:00,179,1
2019-02-01 03:00:00,186,35
2019-02-01 03:00:00,188,1
2019-02-01 03:00:00,189,2
2019-02-01 03:00:00,193,1
2019-02-01 03:00:00,209,8
2019-02-01 03:00:00,211,11
2019-02-01 03:00:00,212,1
2019-02-01 03:00:00,223,2
2019-02-01 03:00:00,224,6
2019-02-01 03:00:00,225,1
2019-02-01 03:00:00,226,9
2019-02-01 03:00:00,229,31
2019-02-01 03:00:00,230,78
2019-02-01 03:00:00,231,55
2019-02-01 03:00:00,232,6
2019-02-01 03:00:00,233,12
2019-02-01 03:00:00,234,40
2019-02-01 03:00:00,236,12
2019-02-01 03:00:00,237,21
2019-02-01 03:00:00,238,9
2019-02-01 03:00:00,239,12
2019-02-01 03:00:00,243,1
2019-02-01 03:00:00,244,1
2019-02-01 03:00:00,246,34
2019-02-01 03:00:00,247,1
2019-02-01 03:00:00,249,73
2019-02-01 03:00:00,250,1
2019-02-01 03:00:00,255,1
2019-02-01 03:00:00,256,5
2019-02-01 03:00:00,260,2
2019-02-01 03:00:00,261,3
2019-02-01 03:00:00,262,2
2019-02-01 03:00:00,263,29
2019-02-01 03:00:00,264,33
2019-02-01 03:00:00,265,2
2019-02-01 04:00:00,4,9
2019-02-01 04:00:00,7,10
2019-02-01 04:00:00,10,1
2019-02-01 04:00:00,13,2
2019-02-01 04:00:00,14,1
2019-02-01 04:00:00,17,2
2019-02-01 04:00:00,18,2
2019-02-01 04:00:00,24,8
2019-02-01 04:00:00,25,5
2019-02-01 04:00:00,33,1
2019-02-01 04:00:00,36,2
2019-02-01 04:00:00,39,1
2019-02-01 04:00:00,41,6
2019-02-01 04:00:00,42,5
2019-02-01 04:00:00,43,6
2019-02-01 04:00:00,48,124
2019-02-01 04:00:00,49,1
2019-02-01 04:00:00,50,16
2019-02-01 04:00:00,56,2
2019-02-01 04:00:00,60,1
2019-02-01 04:00:00,61,3
2019-02-01 04:00:00,65,3
2019-02-01 04:00:00,68,87
2019-02-01 04:00:00,69,1
2019-02-01 04:00:00,74,14
2019-02-01 04:00:00,75,14
2019-02-01 04:00:00,76,1
2019-02-01 04:00:00,79,76
2019-02-01 04:00:00,80,3
2019-02-01 04:00:00,82,10
2019-02-01 04:00:00,83,1
2019-02-01 04:00:00,87,16
2019-02-01 04:00:00,88,8
2019-02-01 04:00:00,89,2
2019-02-01 04:00:00,90,30
2019-02-01 04:00:00,91,1
2019-02-01 04:00:00,97,2
2019-02-01 04:00:00,100,54
2019-02-01 04:00:00,107,37
2019-02-01 04:00:00,112,3
2019-02-01 04:00:00,113,11
2019-02-01 04:00:00,114,19
2019-02-01 04:00:00,116,2
2019-02-01 04:00:00,119,1
2019-02-01 04:00:00,125,8
2019-02-01 04:00:00,129,8
2019-02-01 04:00:00,132,34
2019-02-01 04:00:00,137,22
2019-02-01 04:00:00,138,2
2019-02-01 04:00:00,140,12
2019-02-01 04:00:00,141,52
2019-02-01 04:00:00,142,23
2019-02-01 04:00:00,143,10
2019-02-01 04:00:00,144,10
2019-02-01 04:00:00,145,2
2019-02-01 04:00:00,146,6
2019-02-01 04:00:00,148,55
2019-02-01 04:00:00,151,17
2019-02-01 04:00:00,152,1
2019-02-01 04:00:00,158,8
2019-02-01 04:00:00,159,1
2019-02-01 04:00:00,161,24
2019-02-01 04:00:00,162,41
2019-02-01 04:00:00,163,24
2019-02-01 04:00:00,164,43
2019-02-01 04:00:00,166,8
2019-02-01 04:00:00,168,2
2019-02-01 04:00:00,169,1
2019-02-01 04:00:00,170,30
2019-02-01 04:00:00,175,1
2019-02-01 04:00:00,179,1
2019-02-01 04:00:00,181,2
2019-02-01 04:00:00,182,1
2019-02-01 04:00:00,186,78
2019-02-01 04:00:00,188,1
2019-02-01 04:00:00,193,5
2019-02-01 04:00:00,202,1
2019-02-01 04:00:00,205,2
2019-02-01 04:00:00,209,2
2019-02-01 04:00:00,210,1
2019-02-01 04:00:00,211,7
2019-02-01 04:00:00,215,2
2019-02-01 04:00:00,216,1
2019-02-01 04:00:00,218,2
2019-02-01 04:00:00,220,1
2019-02-01 04:00:00,224,3
2019-02-01 04:00:00,226,10
2019-02-01 04:00:00,227,1
2019-02-01 04:00:00,229,34
2019-02-01 04:00:00,230,83
2019-02-01 04:00:00,231,43
2019-02-01 04:00:00,232,5
2019-02-01 04:00:00,233,21
2019-02-01 04:00:00,234,16
2019-02-01 04:00:00,236,20
2019-02-01 04:00:00,237,20
2019-02-01 04:00:00,238,22
2019-02-01 04:00:00,239,20
2019-02-01 04:00:00,244,2
2019-02-01 04:00:00,246,37
2019-02-01 04:00:00,247,2
2019-02-01 04:00:00,249,54
2019-02-01 04:00:00,255,5
2019-02-01 04:00:00,256,3
2019-02-01 04:00:00,260,8
2019-02-01 04:00:00,261,7
2019-02-01 04:00:00,262,11
2019-02-01 04:00:00,263,30
2019-02-01 04:00:00,264,27
2019-02-01 05:00:00,4,2
2019-02-01 05:00:00,6,1
2019-02-01 05:00:00,7,15
2019-02-01 05:00:00,10,2
2019-02-01 05:00:00,12,2
2019-02-01 05:00:00,13,13
2019-02-01 05:00:00,17,2
2019-02-01 05:00:00,18,1
2019-02-01 05:00:00,21,1
2019-02-01 05:00:00,24,11
2019-02-01 05:00:00,25,4
2019-02-01 05:00:00,26,2
2019-02-01 05:00:00,29,2
2019-02-01 05:00:00,32,1
2019-02-01 05:00:00,33,9
2019-02-01 05:00:00,35,1
2019-02-01 05:00:00,36,1
2019-02-01 05:00:00,37,2
2019-02-01 05:00:00,39,3
2019-02-01 05:00:00,40,2
2019-02-01 05:00:00,41,9
2019-02-01 05:00:00,42,10
2019-02-01 05:00:00,43,18
2019-02-01 05:00:00,45,2
2019-02-01 05:00:00,48,211
2019-02-01 05:00:00,50,31
2019-02-01 05:00:00,51,1
2019-02-01 05:00:00,52,4
2019-02-01 05:00:00,53,1
2019-02-01 05:00:00,55,1
2019-02-01 05:00:00,61,2
2019-02-01 05:00:00,62,1
2019-02-01 05:00:00,65,6
2019-02-01 05:00:00,66,1
2019-02-01 05:00:00,68,80
2019-02-01 05:00:00,69,1
2019-02-01 05:00:00,70,2
2019-02-01 05:00:00,72,2
2019-02-01 05:00:00,74,21
2019-02-01 05:00:00,75,31
2019-02-01 05:00:00,76,5
2019-02-01 05:00:00,77,2
2019-02-01 05:00:00,79,73
2019-02-01 05:00:00,81,2
2019-02-01 05:00:00,82,1
2019-02-01 05:00:00,83,2
2019-02-01 05:00:00,85,1
2019-02-01 05:00:00,86,1
2019-02-01 05:00:00,87,20
2019-02-01 05:00:00,88,13
2019-02-01 05:00:00,89,4
2019-02-01 05:00:00,90,46
2019-02-01 05:00:00,94,1
2019-02-01 05:00:00,95,3
2019-02-01 05:00:00,97,5
2019-02-01 05:00:00,100,192
2019-02-01 05:00:00,106,1
2019-02-01 05:00:00,107,94
2019-02-01 05:00:00,112,1
2019-02-01 05:00:00,113,23
2019-02-01 05:00:00,114,14
2019-02-01 05:00:00,116,6
2019-02-01 05:00:00,119,1
2019-02-01 05:00:00,121,1
2019-02-01 05:00:00,125,14
2019-02-01 05:00:00,127,1
2019-02-01 05:00:00,129,10
2019-02-01 05:00:00,130,1
2019-02-01 05:00:00,132,104
2019-02-01 05:00:00,135,1
2019-02-01 05:00:00,136,1
2019-02-01 05:00:00,137,47
2019-02-01 05:00:00,138,3
2019-02-01 05:00:00,139,1
2019-02-01 05:00:00,140,46
2019-02-01 05:00:00,141,66
2019-02-01 05:00:00,142,59
2019-02-01 05:00:00,143,26
2019-02-01 05:00:00,144,4
2019-02-01 05:00:00,145,6
2019-02-01 05:00:00,146,7
2019-02-01 05:00:00,148,19
2019-02-01 05:00:00,151,27
2019-02-01 05:00:00,152,1
2019-02-01 05:00:00,158,15
2019-02-01 05:00:00,159,1
2019-02-01 05:00:00,161,81
2019-02-01 05:00:00,162,76
2019-02-01 05:00:00,163,37
2019-02-01 05:00:00,164,54
2019-02-01 05:00:00,166,12
2019-02-01 05:00:00,168,1
2019-02-01 05:00:00,170,63
2019-02-01 05:00:00,177,2
2019-02-01 05:00:00,179,11
2019-02-01 05:00:00,181,1
2019-02-01 05:00:00,182,1
2019-02-01 05:00:00,185,1
2019-02-01 05:00:00,186,156
2019-02-01 05:00:00,188,1
2019-02-01 05:00:00,189,1
2019-02-01 05:00:00,193,6
2019-02-01 05:00:00,196,2
2019-02-01 05:00:00,197,2
2019-02-01 05:00:00,203,1
2019-02-01 05:00:00,205,3
2019-02-01 05:00:00,209,6
2019-02-01 05:00:00,210,2
2019-02-01 05:00:00,211,8
2019-02-01 05:00:00,212,2
2019-02-01 05:00:00,213,1
2019-02-01 05:00:00,215,1
2019-02-01 05:00:00,216,2
2019-02-01 05:00:00,218,1
2019-02-01 05:00:00,219,1
2019-02-01 05:00:00,222,1
2019-02-01 05:00:00,223,6
2019-02-01 05:00:00,224,15
2019-02-01 05:00:00,225,4
2019-02-01 05:00:00,226,21
2019-02-01 05:00:00,227,1
2019-02-01 05:00:00,228,2
2019-02-01 05:00:00,229,40
2019-02-01 05:00:00,230,65
2019-02-01 05:00:00,231,26
2019-02-01 05:00:00,232,2
2019-02-01 05:00:00,233,48
2019-02-01 05:00:00,234,53
2019-02-01 05:00:00,236,75
2019-02-01 05:00:00,237,68
2019-02-01 05:00:00,238,68
2019-02-01 05:00:00,239,58
2019-02-01 05:00:00,242,1
2019-02-01 05:00:00,244,3
2019-02-01 05:00:00,246,14
2019-02-01 05:00:00,247,1
2019-02-01 05:00:00,249,50
2019-02-01 05:00:00,254,5
2019-02-01 05:00:00,255,2
2019-02-01 05:00:00,256,1
2019-02-01 05:00:00,257,1
2019-02-01 05:00:00,258,1
2019-02-01 05:00:00,259,3
2019-02-01 05:00:00,260,9
2019-02-01 05:00:00,261,7
2019-02-01 05:00:00,262,43
2019-02-01 05:00:00,263,85
2019-02-01 05:00:00,264,62
2019-02-01 05:00:00,265,7
2019-02-01 06:00:00,1,4
2019-02-01 06:00:00,4,15
2019-02-01 06:00:00,7,29
2019-02-01 06:00:00,10,7
2019-02-01 06:00:00,13,61
2019-02-01 06:00:00,14,2
2019-02-01 06:00:00,16,1
2019-02-01 06:00:00,17,2
2019-02-01 06:00:00,18,1
2019-02-01 06:00:00,21,1
2019-02-01 06:00:00,22,5
2019-02-01 06:00:00,24,22
2019-02-01 06:00:00,25,15
2019-02-01 06:00:00,26,2
2019-02-01 06:00:00,28,3
2019-02-01 06:00:00,31,1
2019-02-01 06:00:00,32,3
2019-02-01 06:00:00,33,19
2019-02-01 06:00:00,35,1
2019-02-01 06:00:00,37,5
2019-02-01 06:00:00,38,1
2019-02-01 06:00:00,39,3
2019-02-01 06:00:00,40,14
2019-02-01 06:00:00,41,52
2019-02-01 06:00:00,42,23
2019-02-01 06:00:00,43,52
2019-02-01 06:00:00,45,1
2019-02-01 06:00:00,47,1
2019-02-01 06:00:00,48,430
2019-02-01 06:00:00,50,61
2019-02-01 06:00:00,51,4
2019-02-01 06:00:00,52,11
2019-02-01 06:00:00,53,1
2019-02-01 06:00:00,54,1
2019-02-01 06:00:00,55,1
2019-02-01 06:00:00,56,1
2019-02-01 06:00:00,61,3
2019-02-01 06:00:00,62,1
2019-02-01 06:00:00,63,1
2019-02-01 06:00:00,65,15
2019-02-01 06:00:00,66,6
2019-02-01 06:00:00,67,1
2019-02-01 06:00:00,68,158
2019-02-01 06:00:00,69,4
2019-02-01 06:00:00,70,2
2019-02-01 06:00:00,71,5
2019-02-01 06:00:00,72,1
2019-02-01 06:00:00,74,50
2019-02-01 06:00:00,75,85
2019-02-01 06:00:00,76,6
2019-02-01 06:00:00,77,2
2019-02-01 06:00:00,78,1
2019-02-01 06:00:00,79,128
2019-02-01 06:00:00,80,3
2019-02-01 06:00:00,81,1
2019-02-01 06:00:00,82,10
2019-02-01 06:00:00,83,1
2019-02-01 06:00:00,85,3
2019-02-01 06:00:00,87,52
2019-02-01 06:00:00,88,15
2019-02-01 06:00:00,89,2
2019-02-01 06:00:00,90,119
2019-02-01 06:00:00,91,2
2019-02-01 06:00:00,93,1
2019-02-01 06:00:00,94,1
2019-02-01 06:00:00,95,6
2019-02-01 06:00:00,97,9
2019-02-01 06:00:00,98,1
2019-02-01 06:00:00,100,439
2019-02-01 06:00:00,102,3
2019-02-01 06:00:00,106,2
2019-02-01 06:00:00,107,212
2019-02-01 06:00:00,108,1
2019-02-01 06:00:00,112,1
2019-02-01 06:00:00,113,82
2019-02-01 06:00:00,114,31
2019-02-01 06:00:00,116,16
2019-02-01 06:00:00,119,1
2019-02-01 06:00:00,124,5
2019-02-01 06:00:00,125,28
2019-02-01 06:00:00,126,1
2019-02-01 06:00:00,127,1
2019-02-01 06:00:00,129,8
2019-02-01 06:00:00,130,3
2019-02-01 06:00:00,131,1
2019-02-01 06:00:00,132,291
2019-02-01 06:00:00,135,1
2019-02-01 06:00:00,136,1
2019-02-01 06:00:00,137,114
2019-02-01 06:00:00,138,12
2019-02-01 06:00:00,139,2
2019-02-01 06:00:00,140,132
2019-02-01 06:00:00,141,221
2019-02-01 06:00:00,142,129
2019-02-01 06:00:00,143,95
2019-02-01 06:00:00,144,18
2019-02-01 06:00:00,145,10
2019-02-01 06:00:00,146,9
2019-02-01 06:00:00,147,2
2019-02-01 06:00:00,148,25
2019-02-01 06:00:00,149,1
2019-02-01 06:00:00,151,68
2019-02-01 06:00:00,152,12
2019-02-01 06:00:00,155,2
2019-02-01 06:00:00,157,1
2019-02-01 06:00:00,158,38
2019-02-01 06:00:00,159,1
2019-02-01 06:00:00,161,192
2019-02-01 06:00:00,162,238
2019-02-01 06:00:00,163,91
2019-02-01 06:00:00,164,111
2019-02-01 06:00:00,165,1
2019-02-01 06:00:00,166,38
2019-02-01 06:00:00,168,3
2019-02-01 06:00:00,169,1
2019-02-01 06:00:00,170,225
2019-02-01 06:00:00,173,1
2019-02-01 06:00:00,174,2
2019-02-01 06:00:00,175,1
2019-02-01 06:00:00,179,4
2019-02-01 06:00:00,180,2
2019-02-01 06:00:00,181,7
2019-02-01 06:00:00,182,3
2019-02-01 06:00:00,186,642
2019-02-01 06:00:00,188,3
2019-02-01 06:00:00,189,1
2019-02-01 06:00:00,191,5
2019-02-01 06:00:00,193,6
2019-02-01 06:00:00,194,1
2019-02-01 06:00:00,196,2
2019-02-01 06:00:00,197,6
2019-02-01 06:00:00,198,1
2019-02-01 06:00:00,202,1
2019-02-01 06:00:00,203,3
2019-02-01 06:00:00,205,4
2019-02-01 06:00:00,208,1
2019-02-01 06:00:00,209,14
2019-02-01 06:00:00,210,3
2019-02-01 06:00:00,211,22
2019-02-01 06:00:00,213,5
2019-02-01 06:00:00,215,5
2019-02-01 06:00:00,216,2
2019-02-01 06:00:00,217,1
2019-02-01 06:00:00,219,2
2019-02-01 06:00:00,222,1
2019-02-01 06:00:00,223,6
2019-02-01 06:00:00,224,47
2019-02-01 06:00:00,226,29
2019-02-01 06:00:00,228,1
2019-02-01 06:00:00,229,135
2019-02-01 06:00:00,230,133
2019-02-01 06:00:00,231,84
2019-02-01 06:00:00,232,10
2019-02-01 06:00:00,233,94
2019-02-01 06:00:00,234,119
2019-02-01 06:00:00,236,286
2019-02-01 06:00:00,237,211
2019-02-01 06:00:00,238,148
2019-02-01 06:00:00,239,150
2019-02-01 06:00:00,241,1
2019-02-01 06:00:00,242,1
2019-02-01 06:00:00,243,1
2019-02-01 06:00:00,244,15
2019-02-01 06:00:00,246,62
2019-02-01 06:00:00,248,1
2019-02-01 06:00:00,249,108
2019-02-01 06:00:00,250,2
2019-02-01 06:00:00,254,2
2019-02-01 06:00:00,255,1
2019-02-01 06:00:00,256,1
2019-02-01 06:00:00,260,20
2019-02-01 06:00:00,261,21
2019-02-01 06:00:00,262,173
2019-02-01 06:00:00,263,204
2019-02-01 06:00:00,264,196
2019-02-01 06:00:00,265,2
2019-02-01 07:00:00,1,1
2019-02-01 07:00:00,3,1
2019-02-01 07:00:00,4,26
2019-02-01 07:00:00,7,40
2019-02-01 07:00:00,10,5
2019-02-01 07:00:00,12,2
2019-02-01 07:00:00,13,141
2019-02-01 07:00:00,14,1
2019-02-01 07:00:00,17,2
2019-02-01 07:00:00,22,2
2019-02-01 07:00:00,24,79
2019-02-01 07:00:00,25,19
2019-02-01 07:00:00,26,1
2019-02-01 07:00:00,28,5
2019-02-01 07:00:00,29,2
2019-02-01 07:00:00,32,2
2019-02-01 07:00:00,33,30
2019-02-01 07:00:00,35,6
2019-02-01 07:00:00,37,3
2019-02-01 07:00:00,39,6
2019-02-01 07:00:00,40,31
2019-02-01 07:00:00,41,127
2019-02-01 07:00:00,42,58
2019-02-01 07:00:00,43,191
2019-02-01 07:00:00,45,10
2019-02-01 07:00:00,47,2
2019-02-01 07:00:00,48,565
2019-02-01 07:00:00,49,5
2019-02-01 07:00:00,50,118
2019-02-01 07:00:00,51,5
2019-02-01 07:00:00,52,33
2019-02-01 07:00:00,54,3
2019-02-01 07:00:00,56,2
2019-02-01 07:00:00,59,1
2019-02-01 07:00:00,60,1
2019-02-01 07:00:00,61,5
2019-02-01 07:00:00,62,2
2019-02-01 07:00:00,63,1
2019-02-01 07:00:00,65,28
2019-02-01 07:00:00,66,14
2019-02-01 07:00:00,68,242
2019-02-01 07:00:00,69,5
2019-02-01 07:00:00,70,4
2019-02-01 07:00:00,71,3
2019-02-01 07:00:00,72,3
2019-02-01 07:00:00,74,125
2019-02-01 07:00:00,75,171
2019-02-01 07:00:00,76,9
2019-02-01 07:00:00,77,1
2019-02-01 07:00:00,78,3
2019-02-01 07:00:00,79,255
2019-02-01 07:00:00,80,2
2019-02-01 07:00:00,81,2
2019-02-01 07:00:00,82,4
2019-02-01 07:00:00,83,1
2019-02-01 07:00:00,86,1
2019-02-01 07:00:00,87,97
2019-02-01 07:00:00,88,32
2019-02-01 07:00:00,89,6
2019-02-01 07:00:00,90,210
2019-02-01 07:00:00,91,4
2019-02-01 07:00:00,92,1
2019-02-01 07:00:00,94,2
2019-02-01 07:00:00,95,7
2019-02-01 07:00:00,96,1
2019-02-01 07:00:00,97,9
2019-02-01 07:00:00,98,1
2019-02-01 07:00:00,100,435
2019-02-01 07:00:00,105,1
2019-02-01 07:00:00,106,1
2019-02-01 07:00:00,107,392
2019-02-01 07:00:00,113,188
2019-02-01 07:00:00,114,71
2019-02-01 07:00:00,116,48
2019-02-01 07:00:00,119,4
2019-02-01 07:00:00,121,1
2019-02-01 07:00:00,122,2
2019-02-01 07:00:00,124,1
2019-02-01 07:00:00,125,57
2019-02-01 07:00:00,126,1
2019-02-01 07:00:00,127,1
2019-02-01 07:00:00,129,12
2019-02-01 07:00:00,132,254
2019-02-01 07:00:00,133,2
2019-02-01 07:00:00,134,4
2019-02-01 07:00:00,135,1
2019-02-01 07:00:00,137,245
2019-02-01 07:00:00,138,62
2019-02-01 07:00:00,140,364
2019-02-01 07:00:00,141,460
2019-02-01 07:00:00,142,374
2019-02-01 07:00:00,143,239
2019-02-01 07:00:00,144,39
2019-02-01 07:00:00,145,8
2019-02-01 07:00:00,146,10
2019-02-01 07:00:00,147,2
2019-02-01 07:00:00,148,42
2019-02-01 07:00:00,151,177
2019-02-01 07:00:00,152,29
2019-02-01 07:00:00,153,1
2019-02-01 07:00:00,157,1
2019-02-01 07:00:00,158,74
2019-02-01 07:00:00,159,4
2019-02-01 07:00:00,161,299
2019-02-01 07:00:00,162,396
2019-02-01 07:00:00,163,186
2019-02-01 07:00:00,164,212
2019-02-01 07:00:00,165,3
2019-02-01 07:00:00,166,90
2019-02-01 07:00:00,167,2
2019-02-01 07:00:00,168,5
2019-02-01 07:00:00,169,1
2019-02-01 07:00:00,170,461
2019-02-01 07:00:00,171,1
2019-02-01 07:00:00,177,2
2019-02-01 07:00:00,179,21
2019-02-01 07:00:00,180,3
2019-02-01 07:00:00,181,11
2019-02-01 07:00:00,182,1
2019-02-01 07:00:00,183,1
2019-02-01 07:00:00,185,1
2019-02-01 07:00:00,186,642
2019-02-01 07:00:00,188,8
2019-02-01 07:00:00,189,2
2019-02-01 07:00:00,191,1
2019-02-01 07:00:00,193,17
2019-02-01 07:00:00,197,1
2019-02-01 07:00:00,203,1
2019-02-01 07:00:00,205,3
2019-02-01 07:00:00,209,22
2019-02-01 07:00:00,210,1
2019-02-01 07:00:00,211,50
2019-02-01 07:00:00,212,4
2019-02-01 07:00:00,213,6
2019-02-01 07:00:00,215,1
2019-02-01 07:00:00,216,3
2019-02-01 07:00:00,218,2
2019-02-01 07:00:00,219,2
2019-02-01 07:00:00,222,1
2019-02-01 07:00:00,223,16
2019-02-01 07:00:00,224,37
2019-02-01 07:00:00,225,3
2019-02-01 07:00:00,226,50
2019-02-01 07:00:00,227,1
2019-02-01 07:00:00,228,1
2019-02-01 07:00:00,229,299
2019-02-01 07:00:00,230,223
2019-02-01 07:00:00,231,220
2019-02-01 07:00:00,232,15
2019-02-01 07:00:00,233,221
2019-02-01 07:00:00,234,278
2019-02-01 07:00:00,235,3
2019-02-01 07:00:00,236,786
2019-02-01 07:00:00,237,643
2019-02-01 07:00:00,238,350
2019-02-01 07:00:00,239,360
2019-02-01 07:00:00,241,2
2019-02-01 07:00:00,242,3
2019-02-01 07:00:00,243,4
2019-02-01 07:00:00,244,40
2019-02-01 07:00:00,246,120
2019-02-01 07:00:00,247,7
2019-02-01 07:00:00,248,2
2019-02-01 07:00:00,249,208
2019-02-01 07:00:00,254,1
2019-02-01 07:00:00,255,2
2019-02-01 07:00:00,256,2
2019-02-01 07:00:00,258,2
2019-02-01 07:00:00,259,1
2019-02-01 07:00:00,260,8
2019-02-01 07:00:00,261,38
2019-02-01 07:00:00,262,344
2019-02-01 07:00:00,263,312
2019-02-01 07:00:00,264,367
2019-02-01 07:00:00,265,4
2019-02-01 08:00:00,3,1
2019-02-01 08:00:00,4,39
2019-02-01 08:00:00,6,1
2019-02-01 08:00:00,7,23
2019-02-01 08:00:00,9,1
2019-02-01 08:00:00,10,7
2019-02-01 08:00:00,12,3
2019-02-01 08:00:00,13,240
2019-02-01 08:00:00,14,1
2019-02-01 08:00:00,16,1
2019-02-01 08:00:00,17,2
2019-02-01 08:00:00,18,1
2019-02-01 08:00:00,20,2
2019-02-01 08:00:00,21,2
2019-02-01 08:00:00,22,1
2019-02-01 08:00:00,24,78
2019-02-01 08:00:00,25,17
2019-02-01 08:00:00,26,2
2019-02-01 08:00:00,28,2
2019-02-01 08:00:00,32,1
2019-02-01 08:00:00,33,35
2019-02-01 08:00:00,35,3
2019-02-01 08:00:00,37,2
2019-02-01 08:00:00,38,2
2019-02-01 08:00:00,39,4
2019-02-01 08:00:00,40,22
2019-02-01 08:00:00,41,111
2019-02-01 08:00:00,42,69
2019-02-01 08:00:00,43,293
2019-02-01 08:00:00,45,9
2019-02-01 08:00:00,47,1
2019-02-01 08:00:00,48,564
2019-02-01 08:00:00,49,8
2019-02-01 08:00:00,50,150
2019-02-01 08:00:00,51,1
2019-02-01 08:00:00,52,34
2019-02-01 08:00:00,55,1
2019-02-01 08:00:00,60,2
2019-02-01 08:00:00,61,11
2019-02-01 08:00:00,62,4
2019-02-01 08:00:00,63,1
2019-02-01 08:00:00,64,1
2019-02-01 08:00:00,65,15
2019-02-01 08:00:00,66,9
2019-02-01 08:00:00,68,304
2019-02-01 08:00:00,69,5
2019-02-01 08:00:00,70,2
2019-02-01 08:00:00,71,1
2019-02-01 08:00:00,72,3
2019-02-01 08:00:00,74,113
2019-02-01 08:00:00,75,194
2019-02-01 08:00:00,76,1
2019-02-01 08:00:00,77,6
2019-02-01 08:00:00,78,1
2019-02-01 08:00:00,79,243
2019-02-01 08:00:00,80,1
2019-02-01 08:00:00,82,3
2019-02-01 08:00:00,83,1
2019-02-01 08:00:00,85,2
2019-02-01 08:00:00,86,1
2019-02-01 08:00:00,87,118
2019-02-01 08:00:00,88,43
2019-02-01 08:00:00,89,3
2019-02-01 08:00:00,90,253
2019-02-01 08:00:00,91,1
2019-02-01 08:00:00,92,4
2019-02-01 08:00:00,93,1
2019-02-01 08:00:00,94,1
2019-02-01 08:00:00,95,8
2019-02-01 08:00:00,97,12
2019-02-01 08:00:00,100,311
2019-02-01 08:00:00,106,1
2019-02-01 08:00:00,107,406
2019-02-01 08:00:00,108,1
2019-02-01 08:00:00,113,257
2019-02-01 08:00:00,114,114
2019-02-01 08:00:00,116,55
2019-02-01 08:00:00,119,2
2019-02-01 08:00:00,123,1
2019-02-01 08:00:00,125,76
2019-02-01 08:00:00,126,1
2019-02-01 08:00:00,127,1
2019-02-01 08:00:00,129,12
2019-02-01 08:00:00,130,3
2019-02-01 08:00:00,132,242
2019-02-01 08:00:00,133,3
2019-02-01 08:00:00,134,1
2019-02-01 08:00:00,135,5
2019-02-01 08:00:00,136,1
2019-02-01 08:00:00,137,345
2019-02-01 08:00:00,138,195
2019-02-01 08:00:00,140,548
2019-02-01 08:00:00,141,599
2019-02-01 08:00:00,142,489
2019-02-01 08:00:00,143,306
2019-02-01 08:00:00,144,58
2019-02-01 08:00:00,145,16
2019-02-01 08:00:00,146,13
2019-02-01 08:00:00,148,79
2019-02-01 08:00:00,151,184
2019-02-01 08:00:00,152,35
2019-02-01 08:00:00,155,2
2019-02-01 08:00:00,158,145
2019-02-01 08:00:00,159,3
2019-02-01 08:00:00,161,383
2019-02-01 08:00:00,162,481
2019-02-01 08:00:00,163,237
2019-02-01 08:00:00,164,274
2019-02-01 08:00:00,165,1
2019-02-01 08:00:00,166,235
2019-02-01 08:00:00,167,2
2019-02-01 08:00:00,168,3
2019-02-01 08:00:00,169,2
2019-02-01 08:00:00,170,669
2019-02-01 08:00:00,171,1
2019-02-01 08:00:00,173,2
2019-02-01 08:00:00,174,2
2019-02-01 08:00:00,177,1
2019-02-01 08:00:00,179,17
2019-02-01 08:00:00,180,1
2019-02-01 08:00:00,181,10
2019-02-01 08:00:00,185,2
2019-02-01 08:00:00,186,552
2019-02-01 08:00:00,188,3
2019-02-01 08:00:00,189,4
2019-02-01 08:00:00,191,2
2019-02-01 08:00:00,193,18
2019-02-01 08:00:00,194,1
2019-02-01 08:00:00,196,3
2019-02-01 08:00:00,197,1
2019-02-01 08:00:00,200,2
2019-02-01 08:00:00,202,1
2019-02-01 08:00:00,207,2
2019-02-01 08:00:00,209,35
2019-02-01 08:00:00,210,1
2019-02-01 08:00:00,211,71
2019-02-01 08:00:00,212,2
2019-02-01 08:00:00,213,1
2019-02-01 08:00:00,215,4
2019-02-01 08:00:00,216,3
2019-02-01 08:00:00,217,3
2019-02-01 08:00:00,219,5
2019-02-01 08:00:00,220,2
2019-02-01 08:00:00,223,13
2019-02-01 08:00:00,224,31
2019-02-01 08:00:00,225,3
2019-02-01 08:00:00,226,45
2019-02-01 08:00:00,228,2
2019-02-01 08:00:00,229,478
2019-02-01 08:00:00,230,306
2019-02-01 08:00:00,231,292
2019-02-01 08:00:00,232,31
2019-02-01 08:00:00,233,280
2019-02-01 08:00:00,234,366
2019-02-01 08:00:00,235,3
2019-02-01 08:00:00,236,1040
2019-02-01 08:00:00,237,788
2019-02-01 08:00:00,238,466
2019-02-01 08:00:00,239,496
2019-02-01 08:00:00,241,3
2019-02-01 08:00:00,242,1
2019-02-01 08:00:00,243,4
2019-02-01 08:00:00,244,63
2019-02-01 08:00:00,246,178
2019-02-01 08:00:00,247,2
2019-02-01 08:00:00,248,1
2019-02-01 08:00:00,249,252
2019-02-01 08:00:00,250,1
2019-02-01 08:00:00,254,1
2019-02-01 08:00:00,255,2
2019-02-01 08:00:00,256,4
2019-02-01 08:00:00,257,1
2019-02-01 08:00:00,260,10
2019-02-01 08:00:00,261,42
2019-02-01 08:00:00,262,338
2019-02-01 08:00:00,263,361
2019-02-01 08:00:00,264,462
2019-02-01 08:00:00,265,8
2019-02-01 09:00:00,4,37
2019-02-01 09:00:00,7,19
2019-02-01 09:00:00,8,1
2019-02-01 09:00:00,10,2
2019-02-01 09:00:00,12,9
2019-02-01 09:00:00,13,175
2019-02-01 09:00:00,14,1
2019-02-01 09:00:00,15,1
2019-02-01 09:00:00,17,2
2019-02-01 09:00:00,20,1
2019-02-01 09:00:00,22,2
2019-02-01 09:00:00,24,60
2019-02-01 09:00:00,25,14
2019-02-01 09:00:00,26,3
2019-02-01 09:00:00,28,2
2019-02-01 09:00:00,33,23
2019-02-01 09:00:00,35,2
2019-02-01 09:00:00,37,1
2019-02-01 09:00:00,39,5
2019-02-01 09:00:00,40,6
2019-02-01 09:00:00,41,63
2019-02-01 09:00:00,42,24
2019-02-01 09:00:00,43,222
2019-02-01 09:00:00,45,23
2019-02-01 09:00:00,48,484
2019-02-01 09:00:00,49,6
2019-02-01 09:00:00,50,153
2019-02-01 09:00:00,51,2
2019-02-01 09:00:00,52,12
2019-02-01 09:00:00,53,2
2019-02-01 09:00:00,54,1
2019-02-01 09:00:00,60,1
2019-02-01 09:00:00,61,5
2019-02-01 09:00:00,62,1
2019-02-01 09:00:00,65,21
2019-02-01 09:00:00,66,3
2019-02-01 09:00:00,67,1
2019-02-01 09:00:00,68,347
2019-02-01 09:00:00,69,1
2019-02-01 09:00:00,70,2
2019-02-01 09:00:00,71,3
2019-02-01 09:00:00,72,3
2019-02-01 09:00:00,74,63
2019-02-01 09:00:00,75,139
2019-02-01 09:00:00,76,5
2019-02-01 09:00:00,78,2
2019-02-01 09:00:00,79,248
2019-02-01 09:00:00,80,1
2019-02-01 09:00:00,82,4
2019-02-01 09:00:00,83,1
2019-02-01 09:00:00,85,1
2019-02-01 09:00:00,86,1
2019-02-01 09:00:00,87,116
2019-02-01 09:00:00,88,41
2019-02-01 09:00:00,89,2
2019-02-01 09:00:00,90,296
2019-02-01 09:00:00,91,3
2019-02-01 09:00:00,92,2
2019-02-01 09:00:00,93,4
2019-02-01 09:00:00,94,1
2019-02-01 09:00:00,95,7
2019-02-01 09:00:00,97,7
2019-02-01 09:00:00,100,288
2019-02-01 09:00:00,101,1
2019-02-01 09:00:00,102,1
2019-02-01 09:00:00,106,1
2019-02-01 09:00:00,107,382
2019-02-01 09:00:00,112,2
2019-02-01 09:00:00,113,298
2019-02-01 09:00:00,114,131
2019-02-01 09:00:00,116,19
2019-02-01 09:00:00,121,1
2019-02-01 09:00:00,122,1
2019-02-01 09:00:00,124,2
2019-02-01 09:00:00,125,63
2019-02-01 09:00:00,127,1
2019-02-01 09:00:00,129,2
2019-02-01 09:00:00,130,4
2019-02-01 09:00:00,132,185
2019-02-01 09:00:00,133,2
2019-02-01 09:00:00,134,3
2019-02-01 09:00:00,135,3
2019-02-01 09:00:00,136,1
2019-02-01 09:00:00,137,250
2019-02-01 09:00:00,138,297
2019-02-01 09:00:00,139,1
2019-02-01 09:00:00,140,427
2019-02-01 09:00:00,141,520
2019-02-01 09:00:00,142,452
2019-02-01 09:00:00,143,255
2019-02-01 09:00:00,144,72
2019-02-01 09:00:00,145,18
2019-02-01 09:00:00,146,14
2019-02-01 09:00:00,148,103
2019-02-01 09:00:00,149,1
2019-02-01 09:00:00,151,199
2019-02-01 09:00:00,152,16
2019-02-01 09:00:00,155,2
2019-02-01 09:00:00,158,122
2019-02-01 09:00:00,159,3
2019-02-01 09:00:00,161,411
2019-02-01 09:00:00,162,540
2019-02-01 09:00:00,163,294
2019-02-01 09:00:00,164,275
2019-02-01 09:00:00,165,3
2019-02-01 09:00:00,166,128
2019-02-01 09:00:00,167,3
2019-02-01 09:00:00,169,1
2019-02-01 09:00:00,170,581
2019-02-01 09:00:00,173,1
2019-02-01 09:00:00,177,5
2019-02-01 09:00:00,179,7
2019-02-01 09:00:00,180,2
2019-02-01 09:00:00,181,6
2019-02-01 09:00:00,182,4
2019-02-01 09:00:00,186,470
2019-02-01 09:00:00,188,3
2019-02-01 09:00:00,189,3
2019-02-01 09:00:00,190,2
2019-02-01 09:00:00,191,1
2019-02-01 09:00:00,193,12
2019-02-01 09:00:00,197,4
2019-02-01 09:00:00,198,2
2019-02-01 09:00:00,200,1
2019-02-01 09:00:00,202,1
2019-02-01 09:00:00,203,1
2019-02-01 09:00:00,206,1
2019-02-01 09:00:00,207,1
2019-02-01 09:00:00,209,42
2019-02-01 09:00:00,210,1
2019-02-01 09:00:00,211,60
2019-02-01 09:00:00,213,4
2019-02-01 09:00:00,214,1
2019-02-01 09:00:00,215,3
2019-02-01 09:00:00,216,5
2019-02-01 09:00:00,219,3
2019-02-01 09:00:00,220,2
2019-02-01 09:00:00,223,9
2019-02-01 09:00:00,224,22
2019-02-01 09:00:00,225,2
2019-02-01 09:00:00,226,27
2019-02-01 09:00:00,227,1
2019-02-01 09:00:00,229,402
2019-02-01 09:00:00,230,301
2019-02-01 09:00:00,231,229
2019-02-01 09:00:00,232,22
2019-02-01 09:00:00,233,214
2019-02-01 09:00:00,234,457
2019-02-01 09:00:00,236,841
2019-02-01 09:00:00,237,704
2019-02-01 09:00:00,238,455
2019-02-01 09:00:00,239,415
2019-02-01 09:00:00,242,2
2019-02-01 09:00:00,243,4
2019-02-01 09:00:00,244,22
2019-02-01 09:00:00,246,183
2019-02-01 09:00:00,247,1
2019-02-01 09:00:00,249,279
2019-02-01 09:00:00,250,1
2019-02-01 09:00:00,252,1
2019-02-01 09:00:00,254,3
2019-02-01 09:00:00,255,1
2019-02-01 09:00:00,256,1
2019-02-01 09:00:00,257,2
2019-02-01 09:00:00,258,2
2019-02-01 09:00:00,259,2
2019-02-01 09:00:00,261,67
2019-02-01 09:00:00,262,328
2019-02-01 09:00:00,263,359
2019-02-01 09:00:00,264,429
2019-02-01 09:00:00,265,8
2019-02-01 10:00:00,1,1
2019-02-01 10:00:00,4,23
2019-02-01 10:00:00,7,10
2019-02-01 10:00:00,10,2
2019-02-01 10:00:00,12,1
2019-02-01 10:00:00,13,118
2019-02-01 10:00:00,14,1
2019-02-01 10:00:00,17,3
2019-02-01 10:00:00,18,1
2019-02-01 10:00:00,21,1
2019-02-01 10:00:00,24,59
2019-02-01 10:00:00,25,6
2019-02-01 10:00:00,28,1
2019-02-01 10:00:00,33,13
2019-02-01 10:00:00,37,3
2019-02-01 10:00:00,39,1
2019-02-01 10:00:00,40,4
2019-02-01 10:00:00,41,31
2019-02-01 10:00:00,42,12
2019-02-01 10:00:00,43,207
2019-02-01 10:00:00,45,19
2019-02-01 10:00:00,48,388
2019-02-01 10:00:00,49,1
2019-02-01 10:00:00,50,134
2019-02-01 10:00:00,51,1
2019-02-01 10:00:00,52,12
2019-02-01 10:00:00,55,1
2019-02-01 10:00:00,56,1
2019-02-01 10:00:00,58,1
2019-02-01 10:00:00,61,6
2019-02-01 10:00:00,65,5
2019-02-01 10:00:00,66,9
2019-02-01 10:00:00,68,324
2019-02-01 10:00:00,69,3
2019-02-01 10:00:00,71,2
2019-02-01 10:00:00,72,2
2019-02-01 10:00:00,74,55
2019-02-01 10:00:00,75,138
2019-02-01 10:00:00,76,6
2019-02-01 10:00:00,78,1
2019-02-01 10:00:00,79,245
2019-02-01 10:00:00,80,2
2019-02-01 10:00:00,81,2
2019-02-01 10:00:00,82,2
2019-02-01 10:00:00,87,74
2019-02-01 10:00:00,88,34
2019-02-01 10:00:00,89,5
2019-02-01 10:00:00,90,240
2019-02-01 10:00:00,91,1
2019-02-01 10:00:00,95,2
2019-02-01 10:00:00,97,6
2019-02-01 10:00:00,100,246
2019-02-01 10:00:00,107,305
2019-02-01 10:00:00,113,209
2019-02-01 10:00:00,114,97
2019-02-01 10:00:00,116,13
2019-02-01 10:00:00,117,2
2019-02-01 10:00:00,122,2
2019-02-01 10:00:00,124,1
2019-02-01 10:00:00,125,77
2019-02-01 10:00:00,129,5
2019-02-01 10:00:00,130,1
2019-02-01 10:00:00,131,1
2019-02-01 10:00:00,132,162
2019-02-01 10:00:00,133,1
2019-02-01 10:00:00,134,2
2019-02-01 10:00:00,135,1
2019-02-01 10:00:00,137,150
2019-02-01 10:00:00,138,173
2019-02-01 10:00:00,139,1
2019-02-01 10:00:00,140,367
2019-02-01 10:00:00,141,403
2019-02-01 10:00:00,142,399
2019-02-01 10:00:00,143,264
2019-02-01 10:00:00,144,67
2019-02-01 10:00:00,145,22
2019-02-01 10:00:00,146,14
2019-02-01 10:00:00,148,44
2019-02-01 10:00:00,149,1
2019-02-01 10:00:00,151,171
2019-02-01 10:00:00,152,10
2019-02-01 10:00:00,155,1
2019-02-01 10:00:00,156,1
2019-02-01 10:00:00,158,100
2019-02-01 10:00:00,161,488
2019-02-01 10:00:00,162,508
2019-02-01 10:00:00,163,366
2019-02-01 10:00:00,164,245
2019-02-01 10:00:00,165,2
2019-02-01 10:00:00,166,93
2019-02-01 10:00:00,168,1
2019-02-01 10:00:00,170,455
2019-02-01 10:00:00,173,1
2019-02-01 10:00:00,174,1
2019-02-01 10:00:00,177,1
2019-02-01 10:00:00,178,1
2019-02-01 10:00:00,179,2
2019-02-01 10:00:00,181,6
2019-02-01 10:00:00,182,2
2019-02-01 10:00:00,185,2
2019-02-01 10:00:00,186,460
2019-02-01 10:00:00,188,2
2019-02-01 10:00:00,191,1
2019-02-01 10:00:00,193,15
2019-02-01 10:00:00,196,1
2019-02-01 10:00:00,197,2
2019-02-01 10:00:00,198,1
2019-02-01 10:00:00,200,1
2019-02-01 10:00:00,207,3
2019-02-01 10:00:00,209,14
2019-02-01 10:00:00,211,62
2019-02-01 10:00:00,213,1
2019-02-01 10:00:00,217,2
2019-02-01 10:00:00,218,2
2019-02-01 10:00:00,219,1
2019-02-01 10:00:00,220,2
2019-02-01 10:00:00,222,1
2019-02-01 10:00:00,223,5
2019-02-01 10:00:00,224,32
2019-02-01 10:00:00,225,2
2019-02-01 10:00:00,226,22
2019-02-01 10:00:00,229,243
2019-02-01 10:00:00,230,366
2019-02-01 10:00:00,231,227
2019-02-01 10:00:00,232,13
2019-02-01 10:00:00,233,157
2019-02-01 10:00:00,234,337
2019-02-01 10:00:00,235,2
2019-02-01 10:00:00,236,804
2019-02-01 10:00:00,237,745
2019-02-01 10:00:00,238,412
2019-02-01 10:00:00,239,462
2019-02-01 10:00:00,242,3
2019-02-01 10:00:00,243,3
2019-02-01 10:00:00,244,23
2019-02-01 10:00:00,246,170
2019-02-01 10:00:00,247,3
2019-02-01 10:00:00,249,189
2019-02-01 10:00:00,251,1
2019-02-01 10:00:00,254,1
2019-02-01 10:00:00,255,1
2019-02-01 10:00:00,256,1
2019-02-01 10:00:00,259,1
2019-02-01 10:00:00,260,3
2019-02-01 10:00:00,261,52
2019-02-01 10:00:00,262,284
2019-02-01 10:00:00,263,313
2019-02-01 10:00:00,264,361
2019-02-01 10:00:00,265,10
2019-02-01 11:00:00,4,26
2019-02-01 11:00:00,7,14
2019-02-01 11:00:00,10,2
2019-02-01 11:00:00,12,5
2019-02-01 11:00:00,13,104
2019-02-01 11:00:00,14,4
2019-02-01 11:00:00,16,1
2019-02-01 11:00:00,17,4
2019-02-01 11:00:00,18,2
2019-02-01 11:00:00,24,48
2019-02-01 11:00:00,25,10
2019-02-01 11:00:00,33,10
2019-02-01 11:00:00,35,2
2019-02-01 11:00:00,37,1
2019-02-01 11:00:00,40,5
2019-02-01 11:00:00,41,35
2019-02-01 11:00:00,42,13
2019-02-01 11:00:00,43,220
2019-02-01 11:00:00,45,33
2019-02-01 11:00:00,48,335
2019-02-01 11:00:00,49,3
2019-02-01 11:00:00,50,126
2019-02-01 11:00:00,51,2
2019-02-01 11:00:00,52,7
2019-02-01 11:00:00,53,2
2019-02-01 11:00:00,56,1
2019-02-01 11:00:00,60,2
2019-02-01 11:00:00,61,3
2019-02-01 11:00:00,62,4
2019-02-01 11:00:00,63,1
2019-02-01 11:00:00,64,2
2019-02-01 11:00:00,65,18
2019-02-01 11:00:00,66,3
2019-02-01 11:00:00,68,252
2019-02-01 11:00:00,69,4
2019-02-01 11:00:00,70,2
2019-02-01 11:00:00,74,72
2019-02-01 11:00:00,75,154
2019-02-01 11:00:00,76,2
2019-02-01 11:00:00,77,1
2019-02-01 11:00:00,79,221
2019-02-01 11:00:00,82,6
2019-02-01 11:00:00,83,1
2019-02-01 11:00:00,85,2
2019-02-01 11:00:00,86,1
2019-02-01 11:00:00,87,60
2019-02-01 11:00:00,88,49
2019-02-01 11:00:00,89,2
2019-02-01 11:00:00,90,235
2019-02-01 11:00:00,91,1
2019-02-01 11:00:00,92,1
2019-02-01 11:00:00,94,1
2019-02-01 11:00:00,95,2
2019-02-01 11:00:00,97,4
2019-02-01 11:00:00,100,238
2019-02-01 11:00:00,101,1
2019-02-01 11:00:00,102,2
2019-02-01 11:00:00,106,2
2019-02-01 11:00:00,107,290
2019-02-01 11:00:00,108,1
2019-02-01 11:00:00,112,1
2019-02-01 11:00:00,113,202
2019-02-01 11:00:00,114,103
2019-02-01 11:00:00,116,17
2019-02-01 11:00:00,118,1
2019-02-01 11:00:00,119,1
2019-02-01 11:00:00,121,1
2019-02-01 11:00:00,122,1
2019-02-01 11:00:00,123,2
2019-02-01 11:00:00,125,83
2019-02-01 11:00:00,129,1
2019-02-01 11:00:00,130,3
2019-02-01 11:00:00,132,89
2019-02-01 11:00:00,135,3
2019-02-01 11:00:00,136,1
2019-02-01 11:00:00,137,170
2019-02-01 11:00:00,138,424
2019-02-01 11:00:00,140,367
2019-02-01 11:00:00,141,349
2019-02-01 11:00:00,142,411
2019-02-01 11:00:00,143,241
2019-02-01 11:00:00,144,71
2019-02-01 11:00:00,145,15
2019-02-01 11:00:00,146,10
2019-02-01 11:00:00,148,51
2019-02-01 11:00:00,149,1
2019-02-01 11:00:00,151,153
2019-02-01 11:00:00,152,12
2019-02-01 11:00:00,153,1
2019-02-01 11:00:00,155,1
2019-02-01 11:00:00,156,1
2019-02-01 11:00:00,158,90
2019-02-01 11:00:00,159,1
2019-02-01 11:00:00,161,643
2019-02-01 11:00:00,162,503
2019-02-01 11:00:00,163,395
2019-02-01 11:00:00,164,343
2019-02-01 11:00:00,166,92
2019-02-01 11:00:00,168,4
2019-02-01 11:00:00,169,2
2019-02-01 11:00:00,170,449
2019-02-01 11:00:00,174,1
2019-02-01 11:00:00,177,1
2019-02-01 11:00:00,178,1
2019-02-01 11:00:00,179,7
2019-02-01 11:00:00,180,1
2019-02-01 11:00:00,181,6
2019-02-01 11:00:00,186,451
2019-02-01 11:00:00,188,1
2019-02-01 11:00:00,189,1
2019-02-01 11:00:00,193,24
2019-02-01 11:00:00,195,1
2019-02-01 11:00:00,196,1
2019-02-01 11:00:00,197,2
2019-02-01 11:00:00,198,1
2019-02-01 11:00:00,203,1
2019-02-01 11:00:00,205,4
2019-02-01 11:00:00,207,2
2019-02-01 11:00:00,208,1
2019-02-01 11:00:00,209,19
2019-02-01 11:00:00,211,92
2019-02-01 11:00:00,212,1
2019-02-01 11:00:00,213,1
2019-02-01 11:00:00,215,3
2019-02-01 11:00:00,216,5
2019-02-01 11:00:00,217,1
2019-02-01 11:00:00,222,1
2019-02-01 11:00:00,223,5
2019-02-01 11:00:00,224,31
2019-02-01 11:00:00,226,19
2019-02-01 11:00:00,228,1
2019-02-01 11:00:00,229,238
2019-02-01 11:00:00,230,404
2019-02-01 11:00:00,231,216
2019-02-01 11:00:00,232,13
2019-02-01 11:00:00,233,159
2019-02-01 11:00:00,234,397
2019-02-01 11:00:00,235,3
2019-02-01 11:00:00,236,850
2019-02-01 11:00:00,237,850
2019-02-01 11:00:00,238,383
2019-02-01 11:00:00,239,469
2019-02-01 11:00:00,241,1
2019-02-01 11:00:00,243,1
2019-02-01 11:00:00,244,11
2019-02-01 11:00:00,246,167
2019-02-01 11:00:00,247,1
2019-02-01 11:00:00,248,1
2019-02-01 11:00:00,249,158
2019-02-01 11:00:00,254,1
2019-02-01 11:00:00,256,4
2019-02-01 11:00:00,257,1
2019-02-01 11:00:00,259,1
2019-02-01 11:00:00,260,5
2019-02-01 11:00:00,261,75
2019-02-01 11:00:00,262,270
2019-02-01 11:00:00,263,296
2019-02-01 11:00:00,264,384
2019-02-01 11:00:00,265,5
2019-02-01 12:00:00,4,18
2019-02-01 12:00:00,7,9
2019-02-01 12:00:00,10,4
2019-02-01 12:00:00,11,1
2019-02-01 12:00:00,12,2
2019-02-01 12:00:00,13,111
2019-02-01 12:00:00,14,1
2019-02-01 12:00:00,17,1
2019-02-01 12:00:00,18,1
2019-02-01 12:00:00,19,1
2019-02-01 12:00:00,20,1
2019-02-01 12:00:00,22,1
2019-02-01 12:00:00,24,51
2019-02-01 12:00:00,25,18
2019-02-01 12:00:00,28,4
2019-02-01 12:00:00,32,1
2019-02-01 12:00:00,33,11
2019-02-01 12:00:00,35,2
2019-02-01 12:00:00,36,1
2019-02-01 12:00:00,37,1
2019-02-01 12:00:00,39,2
2019-02-01 12:00:00,40,3
2019-02-01 12:00:00,41,56
2019-02-01 12:00:00,42,23
2019-02-01 12:00:00,43,253
2019-02-01 12:00:00,45,18
2019-02-01 12:00:00,47,1
2019-02-01 12:00:00,48,341
2019-02-01 12:00:00,49,1
2019-02-01 12:00:00,50,101
2019-02-01 12:00:00,51,2
2019-02-01 12:00:00,52,5
2019-02-01 12:00:00,56,1
2019-02-01 12:00:00,57,1
2019-02-01 12:00:00,61,7
2019-02-01 12:00:00,62,3
2019-02-01 12:00:00,63,2
2019-02-01 12:00:00,65,16
2019-02-01 12:00:00,66,7
2019-02-01 12:00:00,67,1
2019-02-01 12:00:00,68,299
2019-02-01 12:00:00,70,1
2019-02-01 12:00:00,71,2
2019-02-01 12:00:00,72,1
2019-02-01 12:00:00,74,78
2019-02-01 12:00:00,75,128
2019-02-01 12:00:00,76,4
2019-02-01 12:00:00,78,3
2019-02-01 12:00:00,79,199
2019-02-01 12:00:00,80,1
2019-02-01 12:00:00,82,4
2019-02-01 12:00:00,83,1
2019-02-01 12:00:00,85,2
2019-02-01 12:00:00,86,1
2019-02-01 12:00:00,87,86
2019-02-01 12:00:00,88,50
2019-02-01 12:00:00,90,215
2019-02-01 12:00:00,91,2
2019-02-01 12:00:00,93,1
2019-02-01 12:00:00,95,2
2019-02-01 12:00:00,97,10
2019-02-01 12:00:00,100,243
2019-02-01 12:00:00,106,2
2019-02-01 12:00:00,107,253
2019-02-01 12:00:00,112,2
2019-02-01 12:00:00,113,208
2019-02-01 12:00:00,114,94
2019-02-01 12:00:00,116,9
2019-02-01 12:00:00,124,3
2019-02-01 12:00:00,125,78
2019-02-01 12:00:00,129,6
2019-02-01 12:00:00,130,2
2019-02-01 12:00:00,132,212
2019-02-01 12:00:00,134,3
2019-02-01 12:00:00,135,1
2019-02-01 12:00:00,137,195
2019-02-01 12:00:00,138,464
2019-02-01 12:00:00,139,1
2019-02-01 12:00:00,140,374
2019-02-01 12:00:00,141,364
2019-02-01 12:00:00,142,463
2019-02-01 12:00:00,143,216
2019-02-01 12:00:00,144,101
2019-02-01 12:00:00,145,11
2019-02-01 12:00:00,146,5
2019-02-01 12:00:00,148,55
2019-02-01 12:00:00,151,163
2019-02-01 12:00:00,152,8
2019-02-01 12:00:00,153,1
2019-02-01 12:00:00,155,2
2019-02-01 12:00:00,157,1
2019-02-01 12:00:00,158,85
2019-02-01 12:00:00,159,3
2019-02-01 12:00:00,161,740
2019-02-01 12:00:00,162,559
2019-02-01 12:00:00,163,437
2019-02-01 12:00:00,164,355
2019-02-01 12:00:00,165,4
2019-02-01 12:00:00,166,94
2019-02-01 12:00:00,168,5
2019-02-01 12:00:00,169,4
2019-02-01 12:00:00,170,495
2019-02-01 12:00:00,173,1
2019-02-01 12:00:00,177,1
2019-02-01 12:00:00,179,4
2019-02-01 12:00:00,181,7
2019-02-01 12:00:00,183,1
2019-02-01 12:00:00,186,463
2019-02-01 12:00:00,188,5
2019-02-01 12:00:00,193,13
2019-02-01 12:00:00,194,1
2019-02-01 12:00:00,195,1
2019-02-01 12:00:00,196,1
2019-02-01 12:00:00,197,2
2019-02-01 12:00:00,203,1
2019-02-01 12:00:00,205,1
2019-02-01 12:00:00,207,2
2019-02-01 12:00:00,209,22
2019-02-01 12:00:00,210,1
2019-02-01 12:00:00,211,96
2019-02-01 12:00:00,212,3
2019-02-01 12:00:00,213,1
2019-02-01 12:00:00,216,3
2019-02-01 12:00:00,217,1
2019-02-01 12:00:00,218,2
2019-02-01 12:00:00,219,1
2019-02-01 12:00:00,220,1
2019-02-01 12:00:00,222,1
2019-02-01 12:00:00,223,5
2019-02-01 12:00:00,224,31
2019-02-01 12:00:00,225,2
2019-02-01 12:00:00,226,5
2019-02-01 12:00:00,228,2
2019-02-01 12:00:00,229,228
2019-02-01 12:00:00,230,464
2019-02-01 12:00:00,231,239
2019-02-01 12:00:00,232,14
2019-02-01 12:00:00,233,159
2019-02-01 12:00:00,234,458
2019-02-01 12:00:00,235,1
2019-02-01 12:00:00,236,921
2019-02-01 12:00:00,237,880
2019-02-01 12:00:00,238,383
2019-02-01 12:00:00,239,463
2019-02-01 12:00:00,242,2
2019-02-01 12:00:00,243,6
2019-02-01 12:00:00,244,21
2019-02-01 12:00:00,246,171
2019-02-01 12:00:00,247,1
2019-02-01 12:00:00,249,172
2019-02-01 12:00:00,254,1
2019-02-01 12:00:00,255,1
2019-02-01 12:00:00,256,1
2019-02-01 12:00:00,260,5
2019-02-01 12:00:00,261,89
2019-02-01 12:00:00,262,256
2019-02-01 12:00:00,263,281
2019-02-01 12:00:00,264,405
2019-02-01 12:00:00,265,2
2019-02-01 13:00:00,1,6
2019-02-01 13:00:00,4,19
2019-02-01 13:00:00,7,10
2019-02-01 13:00:00,10,5
2019-02-01 13:00:00,12,2
2019-02-01 13:00:00,13,117
2019-02-01 13:00:00,14,2
2019-02-01 13:00:00,16,1
2019-02-01 13:00:00,17,3
2019-02-01 13:00:00,18,1
2019-02-01 13:00:00,19,1
2019-02-01 13:00:00,21,1
2019-02-01 13:00:00,24,51
2019-02-01 13:00:00,25,9
2019-02-01 13:00:00,26,1
2019-02-01 13:00:00,28,2
2019-02-01 13:00:00,31,1
2019-02-01 13:00:00,32,1
2019-02-01 13:00:00,33,18
2019-02-01 13:00:00,34,1
2019-02-01 13:00:00,35,3
2019-02-01 13:00:00,36,2
2019-02-01 13:00:00,39,1
2019-02-01 13:00:00,40,5
2019-02-01 13:00:00,41,68
2019-02-01 13:00:00,42,32
2019-02-01 13:00:00,43,205
2019-02-01 13:00:00,45,18
2019-02-01 13:00:00,48,291
2019-02-01 13:00:00,49,3
2019-02-01 13:00:00,50,82
2019-02-01 13:00:00,51,1
2019-02-01 13:00:00,52,3
2019-02-01 13:00:00,56,1
2019-02-01 13:00:00,57,1
2019-02-01 13:00:00,60,1
2019-02-01 13:00:00,61,5
2019-02-01 13:00:00,62,2
2019-02-01 13:00:00,63,1
2019-02-01 13:00:00,65,14
2019-02-01 13:00:00,66,4
2019-02-01 13:00:00,67,1
2019-02-01 13:00:00,68,281
2019-02-01 13:00:00,69,2
2019-02-01 13:00:00,70,2
2019-02-01 13:00:00,71,2
2019-02-01 13:00:00,72,1
2019-02-01 13:00:00,74,72
2019-02-01 13:00:00,75,155
2019-02-01 13:00:00,76,5
2019-02-01 13:00:00,77,2
2019-02-01 13:00:00,78,1
2019-02-01 13:00:00,79,230
2019-02-01 13:00:00,80,4
2019-02-01 13:00:00,82,4
2019-02-01 13:00:00,83,1
2019-02-01 13:00:00,85,7
2019-02-01 13:00:00,87,98
2019-02-01 13:00:00,88,58
2019-02-01 13:00:00,89,2
2019-02-01 13:00:00,90,241
2019-02-01 13:00:00,91,2
2019-02-01 13:00:00,92,1
2019-02-01 13:00:00,93,3
2019-02-01 13:00:00,94,2
2019-02-01 13:00:00,95,3
2019-02-01 13:00:00,97,6
2019-02-01 13:00:00,100,306
2019-02-01 13:00:00,107,259
2019-02-01 13:00:00,108,1
2019-02-01 13:00:00,112,2
2019-02-01 13:00:00,113,218
2019-02-01 13:00:00,114,91
2019-02-01 13:00:00,116,16
2019-02-01 13:00:00,124,1
2019-02-01 13:00:00,125,85
2019-02-01 13:00:00,129,2
2019-02-01 13:00:00,131,3
2019-02-01 13:00:00,132,313
2019-02-01 13:00:00,134,1
2019-02-01 13:00:00,135,2
2019-02-01 13:00:00,137,181
2019-02-01 13:00:00,138,371
2019-02-01 13:00:00,139,2
2019-02-01 13:00:00,140,353
2019-02-01 13:00:00,141,354
2019-02-01 13:00:00,142,443
2019-02-01 13:00:00,143,235
2019-02-01 13:00:00,144,104
2019-02-01 13:00:00,145,6
2019-02-01 13:00:00,146,10
2019-02-01 13:00:00,147,1
2019-02-01 13:00:00,148,69
2019-02-01 13:00:00,149,2
2019-02-01 13:00:00,151,143
2019-02-01 13:00:00,152,10
2019-02-01 13:00:00,154,1
2019-02-01 13:00:00,157,1
2019-02-01 13:00:00,158,105
2019-02-01 13:00:00,159,3
2019-02-01 13:00:00,160,1
2019-02-01 13:00:00,161,728
2019-02-01 13:00:00,162,626
2019-02-01 13:00:00,163,433
2019-02-01 13:00:00,164,346
2019-02-01 13:00:00,165,2
2019-02-01 13:00:00,166,92
2019-02-01 13:00:00,167,1
2019-02-01 13:00:00,168,2
2019-02-01 13:00:00,169,1
2019-02-01 13:00:00,170,492
2019-02-01 13:00:00,174,1
2019-02-01 13:00:00,175,1
2019-02-01 13:00:00,177,3
2019-02-01 13:00:00,178,1
2019-02-01 13:00:00,179,7
2019-02-01 13:00:00,181,13
2019-02-01 13:00:00,185,2
2019-02-01 13:00:00,186,430
2019-02-01 13:00:00,188,4
2019-02-01 13:00:00,189,2
2019-02-01 13:00:00,190,1
2019-02-01 13:00:00,191,2
2019-02-01 13:00:00,193,7
2019-02-01 13:00:00,194,2
2019-02-01 13:00:00,196,2
2019-02-01 13:00:00,197,4
2019-02-01 13:00:00,198,1
2019-02-01 13:00:00,202,1
2019-02-01 13:00:00,203,2
2019-02-01 13:00:00,205,1
2019-02-01 13:00:00,206,1
2019-02-01 13:00:00,207,2
2019-02-01 13:00:00,208,1
2019-02-01 13:00:00,209,23
2019-02-01 13:00:00,210,1
2019-02-01 13:00:00,211,84
2019-02-01 13:00:00,213,1
2019-02-01 13:00:00,215,2
2019-02-01 13:00:00,216,4
2019-02-01 13:00:00,218,1
2019-02-01 13:00:00,220,1
2019-02-01 13:00:00,223,6
2019-02-01 13:00:00,224,22
2019-02-01 13:00:00,225,2
2019-02-01 13:00:00,226,20
2019-02-01 13:00:00,228,2
2019-02-01 13:00:00,229,241
2019-02-01 13:00:00,230,407
2019-02-01 13:00:00,231,253
2019-02-01 13:00:00,232,26
2019-02-01 13:00:00,233,194
2019-02-01 13:00:00,234,471
2019-02-01 13:00:00,235,4
2019-02-01 13:00:00,236,785
2019-02-01 13:00:00,237,822
2019-02-01 13:00:00,238,363
2019-02-01 13:00:00,239,488
2019-02-01 13:00:00,240,1
2019-02-01 13:00:00,242,1
2019-02-01 13:00:00,243,5
2019-02-01 13:00:00,244,11
2019-02-01 13:00:00,246,171
2019-02-01 13:00:00,247,1
2019-02-01 13:00:00,248,1
2019-02-01 13:00:00,249,146
2019-02-01 13:00:00,254,1
2019-02-01 13:00:00,256,2
2019-02-01 13:00:00,260,4
2019-02-01 13:00:00,261,85
2019-02-01 13:00:00,262,182
2019-02-01 13:00:00,263,324
2019-02-01 13:00:00,264,365
2019-02-01 13:00:00,265,9
2019-02-01 14:00:00,1,6
2019-02-01 14:00:00,4,21
2019-02-01 14:00:00,7,13
2019-02-01 14:00:00,9,2
2019-02-01 14:00:00,10,7
2019-02-01 14:00:00,12,7
2019-02-01 14:00:00,13,129
2019-02-01 14:00:00,14,3
2019-02-01 14:00:00,17,3
2019-02-01 14:00:00,19,1
2019-02-01 14:00:00,21,1
2019-02-01 14:00:00,22,1
2019-02-01 14:00:00,24,48
2019-02-01 14:00:00,25,15
2019-02-01 14:00:00,28,1
2019-02-01 14:00:00,29,2
2019-02-01 14:00:00,32,1
2019-02-01 14:00:00,33,15
2019-02-01 14:00:00,34,1
2019-02-01 14:00:00,35,1
2019-02-01 14:00:00,36,1
2019-02-01 14:00:00,37,2
2019-02-01 14:00:00,38,1
2019-02-01 14:00:00,39,3
2019-02-01 14:00:00,40,7
2019-02-01 14:00:00,41,69
2019-02-01 14:00:00,42,39
2019-02-01 14:00:00,43,282
2019-02-01 14:00:00,45,34
2019-02-01 14:00:00,47,1
2019-02-01 14:00:00,48,308
2019-02-01 14:00:00,49,3
2019-02-01 14:00:00,50,124
2019-02-01 14:00:00,51,2
2019-02-01 14:00:00,52,4
2019-02-01 14:00:00,53,1
2019-02-01 14:00:00,61,6
2019-02-01 14:00:00,62,2
2019-02-01 14:00:00,65,8
2019-02-01 14:00:00,66,6
2019-02-01 14:00:00,68,325
2019-02-01 14:00:00,69,1
2019-02-01 14:00:00,70,1
2019-02-01 14:00:00,71,2
2019-02-01 14:00:00,72,1
2019-02-01 14:00:00,74,83
2019-02-01 14:00:00,75,170
2019-02-01 14:00:00,76,6
2019-02-01 14:00:00,77,1
2019-02-01 14:00:00,78,1
2019-02-01 14:00:00,79,250
2019-02-01 14:00:00,82,9
2019-02-01 14:00:00,83,1
2019-02-01 14:00:00,85,2
2019-02-01 14:00:00,87,114
2019-02-01 14:00:00,88,53
2019-02-01 14:00:00,89,1
2019-02-01 14:00:00,90,249
2019-02-01 14:00:00,91,1
2019-02-01 14:00:00,92,4
2019-02-01 14:00:00,93,5
2019-02-01 14:00:00,95,4
2019-02-01 14:00:00,97,10
2019-02-01 14:00:00,98,1
2019-02-01 14:00:00,100,311
2019-02-01 14:00:00,107,337
2019-02-01 14:00:00,112,1
2019-02-01 14:00:00,113,251
2019-02-01 14:00:00,114,140
2019-02-01 14:00:00,116,13
2019-02-01 14:00:00,123,3
2019-02-01 14:00:00,125,81
2019-02-01 14:00:00,127,1
2019-02-01 14:00:00,129,8
2019-02-01 14:00:00,130,1
2019-02-01 14:00:00,131,1
2019-02-01 14:00:00,132,394
2019-02-01 14:00:00,133,1
2019-02-01 14:00:00,135,1
2019-02-01 14:00:00,136,1
2019-02-01 14:00:00,137,223
2019-02-01 14:00:00,138,371
2019-02-01 14:00:00,140,398
2019-02-01 14:00:00,141,401
2019-02-01 14:00:00,142,476
2019-02-01 14:00:00,143,293
2019-02-01 14:00:00,144,151
2019-02-01 14:00:00,145,12
2019-02-01 14:00:00,146,10
2019-02-01 14:00:00,148,71
2019-02-01 14:00:00,150,1
2019-02-01 14:00:00,151,134
2019-02-01 14:00:00,152,26
2019-02-01 14:00:00,155,1
2019-02-01 14:00:00,157,1
2019-02-01 14:00:00,158,105
2019-02-01 14:00:00,159,1
2019-02-01 14:00:00,161,891
2019-02-01 14:00:00,162,654
2019-02-01 14:00:00,163,465
2019-02-01 14:00:00,164,384
2019-02-01 14:00:00,166,108
2019-02-01 14:00:00,168,3
2019-02-01 14:00:00,169,1
2019-02-01 14:00:00,170,546
2019-02-01 14:00:00,171,1
2019-02-01 14:00:00,177,1
2019-02-01 14:00:00,178,3
2019-02-01 14:00:00,179,3
2019-02-01 14:00:00,180,2
2019-02-01 14:00:00,181,7
2019-02-01 14:00:00,182,1
2019-02-01 14:00:00,186,515
2019-02-01 14:00:00,188,6
2019-02-01 14:00:00,189,2
2019-02-01 14:00:00,191,1
2019-02-01 14:00:00,193,11
2019-02-01 14:00:00,196,2
2019-02-01 14:00:00,197,3
2019-02-01 14:00:00,198,1
2019-02-01 14:00:00,203,1
2019-02-01 14:00:00,205,1
2019-02-01 14:00:00,207,6
2019-02-01 14:00:00,209,32
2019-02-01 14:00:00,210,1
2019-02-01 14:00:00,211,128
2019-02-01 14:00:00,212,1
2019-02-01 14:00:00,213,1
2019-02-01 14:00:00,215,2
2019-02-01 14:00:00,216,5
2019-02-01 14:00:00,217,2
2019-02-01 14:00:00,218,2
2019-02-01 14:00:00,220,4
2019-02-01 14:00:00,222,2
2019-02-01 14:00:00,223,7
2019-02-01 14:00:00,224,31
2019-02-01 14:00:00,225,3
2019-02-01 14:00:00,226,15
2019-02-01 14:00:00,228,4
2019-02-01 14:00:00,229,286
2019-02-01 14:00:00,230,486
2019-02-01 14:00:00,231,272
2019-02-01 14:00:00,232,23
2019-02-01 14:00:00,233,225
2019-02-01 14:00:00,234,555
2019-02-01 14:00:00,236,848
2019-02-01 14:00:00,237,1052
2019-02-01 14:00:00,238,425
2019-02-01 14:00:00,239,542
2019-02-01 14:00:00,242,3
2019-02-01 14:00:00,243,3
2019-02-01 14:00:00,244,26
2019-02-01 14:00:00,246,191
2019-02-01 14:00:00,247,5
2019-02-01 14:00:00,249,179
2019-02-01 14:00:00,254,1
2019-02-01 14:00:00,255,3
2019-02-01 14:00:00,256,1
2019-02-01 14:00:00,260,8
2019-02-01 14:00:00,261,113
2019-02-01 14:00:00,262,255
2019-02-01 14:00:00,263,340
2019-02-01 14:00:00,264,428
2019-02-01 14:00:00,265,7
2019-02-01 15:00:00,1,2
2019-02-01 15:00:00,4,19
2019-02-01 15:00:00,7,27
2019-02-01 15:00:00,9,1
2019-02-01 15:00:00,10,5
2019-02-01 15:00:00,12,6
2019-02-01 15:00:00,13,127
2019-02-01 15:00:00,16,2
2019-02-01 15:00:00,17,1
2019-02-01 15:00:00,24,41
2019-02-01 15:00:00,25,16
2019-02-01 15:00:00,28,3
2019-02-01 15:00:00,29,1
2019-02-01 15:00:00,33,11
2019-02-01 15:00:00,35,1
2019-02-01 15:00:00,36,2
2019-02-01 15:00:00,37,2
2019-02-01 15:00:00,39,2
2019-02-01 15:00:00,40,5
2019-02-01 15:00:00,41,72
2019-02-01 15:00:00,42,32
2019-02-01 15:00:00,43,353
2019-02-01 15:00:00,45,44
2019-02-01 15:00:00,47,1
2019-02-01 15:00:00,48,347
2019-02-01 15:00:00,49,3
2019-02-01 15:00:00,50,120
2019-02-01 15:00:00,51,2
2019-02-01 15:00:00,52,6
2019-02-01 15:00:00,61,2
2019-02-01 15:00:00,62,4
2019-02-01 15:00:00,65,18
2019-02-01 15:00:00,66,4
2019-02-01 15:00:00,68,356
2019-02-01 15:00:00,69,2
2019-02-01 15:00:00,70,1
2019-02-01 15:00:00,74,79
2019-02-01 15:00:00,75,196
2019-02-01 15:00:00,76,2
2019-02-01 15:00:00,78,2
2019-02-01 15:00:00,79,221
2019-02-01 15:00:00,82,4
2019-02-01 15:00:00,86,1
2019-02-01 15:00:00,87,109
2019-02-01 15:00:00,88,51
2019-02-01 15:00:00,89,2
2019-02-01 15:00:00,90,288
2019-02-01 15:00:00,92,3
2019-02-01 15:00:00,95,5
2019-02-01 15:00:00,97,18
2019-02-01 15:00:00,98,1
2019-02-01 15:00:00,100,289
2019-02-01 15:00:00,106,1
2019-02-01 15:00:00,107,357
2019-02-01 15:00:00,108,1
2019-02-01 15:00:00,112,4
2019-02-01 15:00:00,113,250
2019-02-01 15:00:00,114,145
2019-02-01 15:00:00,115,1
2019-02-01 15:00:00,116,22
2019-02-01 15:00:00,119,2
2019-02-01 15:00:00,121,1
2019-02-01 15:00:00,122,1
2019-02-01 15:00:00,123,1
2019-02-01 15:00:00,125,93
2019-02-01 15:00:00,126,1
2019-02-01 15:00:00,127,1
2019-02-01 15:00:00,129,3
2019-02-01 15:00:00,130,5
2019-02-01 15:00:00,131,1
2019-02-01 15:00:00,132,360
2019-02-01 15:00:00,133,1
2019-02-01 15:00:00,137,200
2019-02-01 15:00:00,138,403
2019-02-01 15:00:00,140,467
2019-02-01 15:00:00,141,451
2019-02-01 15:00:00,142,478
2019-02-01 15:00:00,143,210
2019-02-01 15:00:00,144,107
2019-02-01 15:00:00,145,15
2019-02-01 15:00:00,146,15
2019-02-01 15:00:00,148,77
2019-02-01 15:00:00,149,1
2019-02-01 15:00:00,151,190
2019-02-01 15:00:00,152,16
2019-02-01 15:00:00,155,1
2019-02-01 15:00:00,158,127
2019-02-01 15:00:00,159,4
2019-02-01 15:00:00,161,778
2019-02-01 15:00:00,162,563
2019-02-01 15:00:00,163,505
2019-02-01 15:00:00,164,372
2019-02-01 15:00:00,165,1
2019-02-01 15:00:00,166,145
2019-02-01 15:00:00,167,1
2019-02-01 15:00:00,168,2
2019-02-01 15:00:00,170,492
2019-02-01 15:00:00,173,1
2019-02-01 15:00:00,174,5
2019-02-01 15:00:00,179,3
2019-02-01 15:00:00,181,9
2019-02-01 15:00:00,186,466
2019-02-01 15:00:00,188,1
2019-02-01 15:00:00,189,2
2019-02-01 15:00:00,190,1
2019-02-01 15:00:00,192,1
2019-02-01 15:00:00,193,10
2019-02-01 15:00:00,194,1
2019-02-01 15:00:00,195,1
2019-02-01 15:00:00,196,2
2019-02-01 15:00:00,197,1
2019-02-01 15:00:00,209,29
2019-02-01 15:00:00,210,2
2019-02-01 15:00:00,211,125
2019-02-01 15:00:00,215,2
2019-02-01 15:00:00,216,5
2019-02-01 15:00:00,218,1
2019-02-01 15:00:00,219,2
2019-02-01 15:00:00,223,2
2019-02-01 15:00:00,224,28
2019-02-01 15:00:00,225,4
2019-02-01 15:00:00,226,18
2019-02-01 15:00:00,227,2
2019-02-01 15:00:00,228,1
2019-02-01 15:00:00,229,267
2019-02-01 15:00:00,230,477
2019-02-01 15:00:00,231,274
2019-02-01 15:00:00,232,13
2019-02-01 15:00:00,233,179
2019-02-01 15:00:00,234,555
2019-02-01 15:00:00,235,2
2019-02-01 15:00:00,236,1260
2019-02-01 15:00:00,237,1067
2019-02-01 15:00:00,238,521
2019-02-01 15:00:00,239,533
2019-02-01 15:00:00,242,3
2019-02-01 15:00:00,243,3
2019-02-01 15:00:00,244,16
2019-02-01 15:00:00,246,241
2019-02-01 15:00:00,247,2
2019-02-01 15:00:00,249,243
2019-02-01 15:00:00,250,1
2019-02-01 15:00:00,254,1
2019-02-01 15:00:00,255,2
2019-02-01 15:00:00,256,3
2019-02-01 15:00:00,260,4
2019-02-01 15:00:00,261,87
2019-02-01 15:00:00,262,230
2019-02-01 15:00:00,263,360
2019-02-01 15:00:00,264,447
2019-02-01 15:00:00,265,8
2019-02-01 16:00:00,1,1
2019-02-01 16:00:00,4,22
2019-02-01 16:00:00,7,16
2019-02-01 16:00:00,10,14
2019-02-01 16:00:00,12,6
2019-02-01 16:00:00,13,111
2019-02-01 16:00:00,14,1
2019-02-01 16:00:00,16,1
2019-02-01 16:00:00,20,1
2019-02-01 16:00:00,22,1
2019-02-01 16:00:00,24,49
2019-02-01 16:00:00,25,15
2019-02-01 16:00:00,26,1
2019-02-01 16:00:00,28,1
2019-02-01 16:00:00,29,1
2019-02-01 16:00:00,33,13
2019-02-01 16:00:00,36,1
2019-02-01 16:00:00,37,2
2019-02-01 16:00:00,40,3
2019-02-01 16:00:00,41,66
2019-02-01 16:00:00,42,25
2019-02-01 16:00:00,43,259
2019-02-01 16:00:00,45,38
2019-02-01 16:00:00,48,340
2019-02-01 16:00:00,49,3
2019-02-01 16:00:00,50,115
2019-02-01 16:00:00,52,4
2019-02-01 16:00:00,53,1
2019-02-01 16:00:00,56,2
2019-02-01 16:00:00,61,2
2019-02-01 16:00:00,65,18
2019-02-01 16:00:00,66,3
2019-02-01 16:00:00,67,1
2019-02-01 16:00:00,68,289
2019-02-01 16:00:00,69,3
2019-02-01 16:00:00,70,1
2019-02-01 16:00:00,71,1
2019-02-01 16:00:00,72,1
2019-02-01 16:00:00,73,5
2019-02-01 16:00:00,74,94
2019-02-01 16:00:00,75,165
2019-02-01 16:00:00,76,2
2019-02-01 16:00:00,78,3
2019-02-01 16:00:00,79,228
2019-02-01 16:00:00,80,3
2019-02-01 16:00:00,81,1
2019-02-01 16:00:00,82,9
2019-02-01 16:00:00,87,115
2019-02-01 16:00:00,88,61
2019-02-01 16:00:00,89,1
2019-02-01 16:00:00,90,266
2019-02-01 16:00:00,92,1
2019-02-01 16:00:00,93,8
2019-02-01 16:00:00,95,4
2019-02-01 16:00:00,97,9
2019-02-01 16:00:00,100,276
2019-02-01 16:00:00,101,3
2019-02-01 16:00:00,107,303
2019-02-01 16:00:00,112,1
2019-02-01 16:00:00,113,217
2019-02-01 16:00:00,114,147
2019-02-01 16:00:00,116,15
2019-02-01 16:00:00,121,2
2019-02-01 16:00:00,124,3
2019-02-01 16:00:00,125,76
2019-02-01 16:00:00,127,3
2019-02-01 16:00:00,129,2
2019-02-01 16:00:00,130,8
2019-02-01 16:00:00,132,416
2019-02-01 16:00:00,133,1
2019-02-01 16:00:00,134,5
2019-02-01 16:00:00,136,1
2019-02-01 16:00:00,137,225
2019-02-01 16:00:00,138,438
2019-02-01 16:00:00,140,354
2019-02-01 16:00:00,141,397
2019-02-01 16:00:00,142,451
2019-02-01 16:00:00,143,222
2019-02-01 16:00:00,144,111
2019-02-01 16:00:00,145,31
2019-02-01 16:00:00,146,4
2019-02-01 16:00:00,147,2
2019-02-01 16:00:00,148,67
2019-02-01 16:00:00,151,179
2019-02-01 16:00:00,152,25
2019-02-01 16:00:00,153,1
2019-02-01 16:00:00,155,1
2019-02-01 16:00:00,157,3
2019-02-01 16:00:00,158,105
2019-02-01 16:00:00,159,1
2019-02-01 16:00:00,160,1
2019-02-01 16:00:00,161,675
2019-02-01 16:00:00,162,617
2019-02-01 16:00:00,163,474
2019-02-01 16:00:00,164,295
2019-02-01 16:00:00,166,108
2019-02-01 16:00:00,167,1
2019-02-01 16:00:00,168,4
2019-02-01 16:00:00,170,515
2019-02-01 16:00:00,174,1
2019-02-01 16:00:00,177,1
2019-02-01 16:00:00,179,8
2019-02-01 16:00:00,181,7
2019-02-01 16:00:00,182,1
2019-02-01 16:00:00,185,1
2019-02-01 16:00:00,186,409
2019-02-01 16:00:00,191,1
2019-02-01 16:00:00,192,1
2019-02-01 16:00:00,193,10
2019-02-01 16:00:00,194,1
2019-02-01 16:00:00,196,1
2019-02-01 16:00:00,197,7
2019-02-01 16:00:00,202,2
2019-02-01 16:00:00,205,1
2019-02-01 16:00:00,209,23
2019-02-01 16:00:00,211,102
2019-02-01 16:00:00,215,7
2019-02-01 16:00:00,216,6
2019-02-01 16:00:00,217,1
2019-02-01 16:00:00,218,1
2019-02-01 16:00:00,219,3
2019-02-01 16:00:00,220,1
2019-02-01 16:00:00,222,1
2019-02-01 16:00:00,223,3
2019-02-01 16:00:00,224,23
2019-02-01 16:00:00,225,2
2019-02-01 16:00:00,226,12
2019-02-01 16:00:00,228,3
2019-02-01 16:00:00,229,237
2019-02-01 16:00:00,230,474
2019-02-01 16:00:00,231,236
2019-02-01 16:00:00,232,23
2019-02-01 16:00:00,233,185
2019-02-01 16:00:00,234,518
2019-02-01 16:00:00,235,4
2019-02-01 16:00:00,236,904
2019-02-01 16:00:00,237,851
2019-02-01 16:00:00,238,350
2019-02-01 16:00:00,239,474
2019-02-01 16:00:00,241,1
2019-02-01 16:00:00,242,2
2019-02-01 16:00:00,243,5
2019-02-01 16:00:00,244,22
2019-02-01 16:00:00,246,215
2019-02-01 16:00:00,247,3
2019-02-01 16:00:00,249,168
2019-02-01 16:00:00,253,1
2019-02-01 16:00:00,255,4
2019-02-01 16:00:00,256,3
2019-02-01 16:00:00,259,3
2019-02-01 16:00:00,260,6
2019-02-01 16:00:00,261,76
2019-02-01 16:00:00,262,212
2019-02-01 16:00:00,263,346
2019-02-01 16:00:00,264,400
2019-02-01 16:00:00,265,3
2019-02-01 17:00:00,3,1
2019-02-01 17:00:00,4,27
2019-02-01 17:00:00,7,10
2019-02-01 17:00:00,10,4
2019-02-01 17:00:00,13,130
2019-02-01 17:00:00,14,1
2019-02-01 17:00:00,16,3
2019-02-01 17:00:00,24,49
2019-02-01 17:00:00,25,20
2019-02-01 17:00:00,26,1
2019-02-01 17:00:00,33,13
2019-02-01 17:00:00,34,1
2019-02-01 17:00:00,35,1
2019-02-01 17:00:00,36,1
2019-02-01 17:00:00,37,2
2019-02-01 17:00:00,38,1
2019-02-01 17:00:00,40,4
2019-02-01 17:00:00,41,83
2019-02-01 17:00:00,42,45
2019-02-01 17:00:00,43,316
2019-02-01 17:00:00,45,36
2019-02-01 17:00:00,48,366
2019-02-01 17:00:00,49,2
2019-02-01 17:00:00,50,135
2019-02-01 17:00:00,52,6
2019-02-01 17:00:00,54,1
2019-02-01 17:00:00,61,2
2019-02-01 17:00:00,65,21
2019-02-01 17:00:00,66,7
2019-02-01 17:00:00,68,378
2019-02-01 17:00:00,69,3
2019-02-01 17:00:00,70,2
2019-02-01 17:00:00,71,1
2019-02-01 17:00:00,74,111
2019-02-01 17:00:00,75,197
2019-02-01 17:00:00,76,3
2019-02-01 17:00:00,77,2
2019-02-01 17:00:00,78,1
2019-02-01 17:00:00,79,261
2019-02-01 17:00:00,80,3
2019-02-01 17:00:00,82,5
2019-02-01 17:00:00,83,1
2019-02-01 17:00:00,86,1
2019-02-01 17:00:00,87,135
2019-02-01 17:00:00,88,86
2019-02-01 17:00:00,89,3
2019-02-01 17:00:00,90,245
2019-02-01 17:00:00,92,1
2019-02-01 17:00:00,93,1
2019-02-01 17:00:00,95,2
2019-02-01 17:00:00,97,5
2019-02-01 17:00:00,100,271
2019-02-01 17:00:00,102,1
2019-02-01 17:00:00,107,439
2019-02-01 17:00:00,112,4
2019-02-01 17:00:00,113,226
2019-02-01 17:00:00,114,147
2019-02-01 17:00:00,116,22
2019-02-01 17:00:00,119,1
2019-02-01 17:00:00,123,1
2019-02-01 17:00:00,125,103
2019-02-01 17:00:00,126,1
2019-02-01 17:00:00,127,2
2019-02-01 17:00:00,129,7
2019-02-01 17:00:00,130,3
2019-02-01 17:00:00,132,413
2019-02-01 17:00:00,133,3
2019-02-01 17:00:00,134,1
2019-02-01 17:00:00,135,1
2019-02-01 17:00:00,136,1
2019-02-01 17:00:00,137,228
2019-02-01 17:00:00,138,430
2019-02-01 17:00:00,139,1
2019-02-01 17:00:00,140,431
2019-02-01 17:00:00,141,437
2019-02-01 17:00:00,142,529
2019-02-01 17:00:00,143,204
2019-02-01 17:00:00,144,126
2019-02-01 17:00:00,145,20
2019-02-01 17:00:00,146,15
2019-02-01 17:00:00,147,2
2019-02-01 17:00:00,148,71
2019-02-01 17:00:00,150,1
2019-02-01 17:00:00,151,182
2019-02-01 17:00:00,152,20
2019-02-01 17:00:00,153,3
2019-02-01 17:00:00,155,1
2019-02-01 17:00:00,158,107
2019-02-01 17:00:00,159,5
2019-02-01 17:00:00,161,695
2019-02-01 17:00:00,162,874
2019-02-01 17:00:00,163,538
2019-02-01 17:00:00,164,325
2019-02-01 17:00:00,166,164
2019-02-01 17:00:00,167,1
2019-02-01 17:00:00,168,1
2019-02-01 17:00:00,169,2
2019-02-01 17:00:00,170,545
2019-02-01 17:00:00,173,2
2019-02-01 17:00:00,174,2
2019-02-01 17:00:00,175,1
2019-02-01 17:00:00,179,3
2019-02-01 17:00:00,181,6
2019-02-01 17:00:00,185,1
2019-02-01 17:00:00,186,521
2019-02-01 17:00:00,188,1
2019-02-01 17:00:00,189,1
2019-02-01 17:00:00,193,13
2019-02-01 17:00:00,194,1
2019-02-01 17:00:00,196,3
2019-02-01 17:00:00,197,1
2019-02-01 17:00:00,200,1
2019-02-01 17:00:00,202,1
2019-02-01 17:00:00,205,2
2019-02-01 17:00:00,206,1
2019-02-01 17:00:00,209,35
2019-02-01 17:00:00,211,116
2019-02-01 17:00:00,212,2
2019-02-01 17:00:00,213,1
2019-02-01 17:00:00,215,1
2019-02-01 17:00:00,216,4
2019-02-01 17:00:00,219,1
2019-02-01 17:00:00,222,1
2019-02-01 17:00:00,223,3
2019-02-01 17:00:00,224,17
2019-02-01 17:00:00,225,1
2019-02-01 17:00:00,226,19
2019-02-01 17:00:00,227,1
2019-02-01 17:00:00,228,2
2019-02-01 17:00:00,229,334
2019-02-01 17:00:00,230,532
2019-02-01 17:00:00,231,302
2019-02-01 17:00:00,232,12
2019-02-01 17:00:00,233,318
2019-02-01 17:00:00,234,589
2019-02-01 17:00:00,235,2
2019-02-01 17:00:00,236,844
2019-02-01 17:00:00,237,917
2019-02-01 17:00:00,238,427
2019-02-01 17:00:00,239,530
2019-02-01 17:00:00,242,1
2019-02-01 17:00:00,244,29
2019-02-01 17:00:00,246,275
2019-02-01 17:00:00,247,1
2019-02-01 17:00:00,249,193
2019-02-01 17:00:00,255,4
2019-02-01 17:00:00,256,4
2019-02-01 17:00:00,257,1
2019-02-01 17:00:00,258,1
2019-02-01 17:00:00,260,2
2019-02-01 17:00:00,261,76
2019-02-01 17:00:00,262,277
2019-02-01 17:00:00,263,388
2019-02-01 17:00:00,264,430
2019-02-01 17:00:00,265,3
2019-02-01 18:00:00,1,1
2019-02-01 18:00:00,4,24
2019-02-01 18:00:00,7,14
2019-02-01 18:00:00,10,9
2019-02-01 18:00:00,12,2
2019-02-01 18:00:00,13,143
2019-02-01 18:00:00,14,1
2019-02-01 18:00:00,17,1
2019-02-01 18:00:00,18,1
2019-02-01 18:00:00,19,1
2019-02-01 18:00:00,24,60
2019-02-01 18:00:00,25,18
2019-02-01 18:00:00,33,12
2019-02-01 18:00:00,35,1
2019-02-01 18:00:00,36,1
2019-02-01 18:00:00,37,2
2019-02-01 18:00:00,40,3
2019-02-01 18:00:00,41,90
2019-02-01 18:00:00,42,32
2019-02-01 18:00:00,43,273
2019-02-01 18:00:00,45,28
2019-02-01 18:00:00,47,3
2019-02-01 18:00:00,48,532
2019-02-01 18:00:00,49,4
2019-02-01 18:00:00,50,128
2019-02-01 18:00:00,51,1
2019-02-01 18:00:00,52,7
2019-02-01 18:00:00,61,5
2019-02-01 18:00:00,65,24
2019-02-01 18:00:00,66,12
2019-02-01 18:00:00,68,449
2019-02-01 18:00:00,69,4
2019-02-01 18:00:00,70,1
2019-02-01 18:00:00,71,1
2019-02-01 18:00:00,72,2
2019-02-01 18:00:00,74,95
2019-02-01 18:00:00,75,128
2019-02-01 18:00:00,78,1
2019-02-01 18:00:00,79,400
2019-02-01 18:00:00,80,3
2019-02-01 18:00:00,82,1
2019-02-01 18:00:00,83,3
2019-02-01 18:00:00,87,159
2019-02-01 18:00:00,88,90
2019-02-01 18:00:00,90,367
2019-02-01 18:00:00,91,2
2019-02-01 18:00:00,93,1
2019-02-01 18:00:00,95,1
2019-02-01 18:00:00,97,13
2019-02-01 18:00:00,100,327
2019-02-01 18:00:00,106,2
2019-02-01 18:00:00,107,507
2019-02-01 18:00:00,112,6
2019-02-01 18:00:00,113,308
2019-02-01 18:00:00,114,200
2019-02-01 18:00:00,116,25
2019-02-01 18:00:00,119,2
2019-02-01 18:00:00,121,1
2019-02-01 18:00:00,125,115
2019-02-01 18:00:00,127,4
2019-02-01 18:00:00,129,3
2019-02-01 18:00:00,132,428
2019-02-01 18:00:00,133,1
2019-02-01 18:00:00,137,271
2019-02-01 18:00:00,138,465
2019-02-01 18:00:00,140,405
2019-02-01 18:00:00,141,508
2019-02-01 18:00:00,142,687
2019-02-01 18:00:00,143,271
2019-02-01 18:00:00,144,150
2019-02-01 18:00:00,145,23
2019-02-01 18:00:00,146,16
2019-02-01 18:00:00,147,1
2019-02-01 18:00:00,148,111
2019-02-01 18:00:00,149,2
2019-02-01 18:00:00,151,183
2019-02-01 18:00:00,152,24
2019-02-01 18:00:00,153,2
2019-02-01 18:00:00,157,2
2019-02-01 18:00:00,158,155
2019-02-01 18:00:00,159,5
2019-02-01 18:00:00,161,795
2019-02-01 18:00:00,162,881
2019-02-01 18:00:00,163,654
2019-02-01 18:00:00,164,372
2019-02-01 18:00:00,166,102
2019-02-01 18:00:00,167,1
2019-02-01 18:00:00,168,8
2019-02-01 18:00:00,169,2
2019-02-01 18:00:00,170,628
2019-02-01 18:00:00,171,1
2019-02-01 18:00:00,173,1
2019-02-01 18:00:00,175,1
2019-02-01 18:00:00,177,1
2019-02-01 18:00:00,179,3
2019-02-01 18:00:00,181,15
2019-02-01 18:00:00,182,1
2019-02-01 18:00:00,183,1
2019-02-01 18:00:00,186,568
2019-02-01 18:00:00,188,3
2019-02-01 18:00:00,189,3
2019-02-01 18:00:00,190,1
2019-02-01 18:00:00,191,1
2019-02-01 18:00:00,193,5
2019-02-01 18:00:00,196,2
2019-02-01 18:00:00,197,3
2019-02-01 18:00:00,209,34
2019-02-01 18:00:00,211,193
2019-02-01 18:00:00,215,1
2019-02-01 18:00:00,216,2
2019-02-01 18:00:00,217,2
2019-02-01 18:00:00,219,2
2019-02-01 18:00:00,220,3
2019-02-01 18:00:00,223,5
2019-02-01 18:00:00,224,40
2019-02-01 18:00:00,225,1
2019-02-01 18:00:00,226,18
2019-02-01 18:00:00,228,2
2019-02-01 18:00:00,229,430
2019-02-01 18:00:00,230,684
2019-02-01 18:00:00,231,347
2019-02-01 18:00:00,232,16
2019-02-01 18:00:00,233,383
2019-02-01 18:00:00,234,733
2019-02-01 18:00:00,235,1
2019-02-01 18:00:00,236,871
2019-02-01 18:00:00,237,959
2019-02-01 18:00:00,238,421
2019-02-01 18:00:00,239,557
2019-02-01 18:00:00,243,4
2019-02-01 18:00:00,244,23
2019-02-01 18:00:00,246,309
2019-02-01 18:00:00,247,3
2019-02-01 18:00:00,249,315
2019-02-01 18:00:00,250,1
2019-02-01 18:00:00,254,1
2019-02-01 18:00:00,255,10
2019-02-01 18:00:00,256,8
2019-02-01 18:00:00,257,1
2019-02-01 18:00:00,260,1
2019-02-01 18:00:00,261,102
2019-02-01 18:00:00,262,251
2019-02-01 18:00:00,263,396
2019-02-01 18:00:00,264,508
2019-02-01 18:00:00,265,3
2019-02-01 19:00:00,3,1
2019-02-01 19:00:00,4,28
2019-02-01 19:00:00,7,14
2019-02-01 19:00:00,10,4
2019-02-01 19:00:00,12,2
2019-02-01 19:00:00,13,155
2019-02-01 19:00:00,15,1
2019-02-01 19:00:00,17,2
2019-02-01 19:00:00,18,1
2019-02-01 19:00:00,19,1
2019-02-01 19:00:00,24,41
2019-02-01 19:00:00,25,22
2019-02-01 19:00:00,33,10
2019-02-01 19:00:00,35,1
2019-02-01 19:00:00,37,3
2019-02-01 19:00:00,38,1
2019-02-01 19:00:00,40,10
2019-02-01 19:00:00,41,60
2019-02-01 19:00:00,42,29
2019-02-01 19:00:00,43,176
2019-02-01 19:00:00,45,37
2019-02-01 19:00:00,48,545
2019-02-01 19:00:00,49,3
2019-02-01 19:00:00,50,123
2019-02-01 19:00:00,52,5
2019-02-01 19:00:00,56,1
2019-02-01 19:00:00,61,1
2019-02-01 19:00:00,62,1
2019-02-01 19:00:00,63,1
2019-02-01 19:00:00,65,14
2019-02-01 19:00:00,66,7
2019-02-01 19:00:00,68,422
2019-02-01 19:00:00,69,3
2019-02-01 19:00:00,70,1
2019-02-01 19:00:00,72,1
2019-02-01 19:00:00,74,93
2019-02-01 19:00:00,75,126
2019-02-01 19:00:00,76,3
2019-02-01 19:00:00,79,513
2019-02-01 19:00:00,80,2
2019-02-01 19:00:00,82,2
2019-02-01 19:00:00,87,164
2019-02-01 19:00:00,88,89
2019-02-01 19:00:00,90,369
2019-02-01 19:00:00,92,2
2019-02-01 19:00:00,93,3
2019-02-01 19:00:00,95,1
2019-02-01 19:00:00,97,14
2019-02-01 19:00:00,98,1
2019-02-01 19:00:00,100,370
2019-02-01 19:00:00,101,1
2019-02-01 19:00:00,106,4
2019-02-01 19:00:00,107,524
2019-02-01 19:00:00,112,5
2019-02-01 19:00:00,113,293
2019-02-01 19:00:00,114,217
2019-02-01 19:00:00,116,23
2019-02-01 19:00:00,125,126
2019-02-01 19:00:00,127,2
2019-02-01 19:00:00,129,3
2019-02-01 19:00:00,130,1
2019-02-01 19:00:00,132,406
2019-02-01 19:00:00,137,291
2019-02-01 19:00:00,138,380
2019-02-01 19:00:00,140,345
2019-02-01 19:00:00,141,474
2019-02-01 19:00:00,142,598
2019-02-01 19:00:00,143,172
2019-02-01 19:00:00,144,165
2019-02-01 19:00:00,145,19
2019-02-01 19:00:00,146,9
2019-02-01 19:00:00,148,132
2019-02-01 19:00:00,151,162
2019-02-01 19:00:00,152,20
2019-02-01 19:00:00,155,1
2019-02-01 19:00:00,158,144
2019-02-01 19:00:00,159,1
2019-02-01 19:00:00,161,834
2019-02-01 19:00:00,162,796
2019-02-01 19:00:00,163,607
2019-02-01 19:00:00,164,486
2019-02-01 19:00:00,166,95
2019-02-01 19:00:00,167,1
2019-02-01 19:00:00,168,3
2019-02-01 19:00:00,170,697
2019-02-01 19:00:00,173,1
2019-02-01 19:00:00,179,1
2019-02-01 19:00:00,181,17
2019-02-01 19:00:00,182,1
2019-02-01 19:00:00,186,685
2019-02-01 19:00:00,188,2
2019-02-01 19:00:00,189,1
2019-02-01 19:00:00,191,1
2019-02-01 19:00:00,193,1
2019-02-01 19:00:00,195,1
2019-02-01 19:00:00,196,2
2019-02-01 19:00:00,205,2
2019-02-01 19:00:00,208,1
2019-02-01 19:00:00,209,39
2019-02-01 19:00:00,211,157
2019-02-01 19:00:00,215,1
2019-02-01 19:00:00,216,2
2019-02-01 19:00:00,219,2
2019-02-01 19:00:00,223,1
2019-02-01 19:00:00,224,33
2019-02-01 19:00:00,225,4
2019-02-01 19:00:00,226,13
2019-02-01 19:00:00,229,464
2019-02-01 19:00:00,230,720
2019-02-01 19:00:00,231,373
2019-02-01 19:00:00,232,35
2019-02-01 19:00:00,233,297
2019-02-01 19:00:00,234,757
2019-02-01 19:00:00,236,663
2019-02-01 19:00:00,237,762
2019-02-01 19:00:00,238,361
2019-02-01 19:00:00,239,529
2019-02-01 19:00:00,242,3
2019-02-01 19:00:00,243,4
2019-02-01 19:00:00,244,13
2019-02-01 19:00:00,246,308
2019-02-01 19:00:00,247,3
2019-02-01 19:00:00,249,366
2019-02-01 19:00:00,250,1
2019-02-01 19:00:00,255,10
2019-02-01 19:00:00,256,9
2019-02-01 19:00:00,257,1
2019-02-01 19:00:00,259,1
2019-02-01 19:00:00,260,3
2019-02-01 19:00:00,261,116
2019-02-01 19:00:00,262,201
2019-02-01 19:00:00,263,392
2019-02-01 19:00:00,264,461
2019-02-01 19:00:00,265,4
2019-02-01 20:00:00,4,42
2019-02-01 20:00:00,7,10
2019-02-01 20:00:00,10,1
2019-02-01 20:00:00,13,135
2019-02-01 20:00:00,24,37
2019-02-01 20:00:00,25,10
2019-02-01 20:00:00,33,11
2019-02-01 20:00:00,37,1
2019-02-01 20:00:00,39,1
2019-02-01 20:00:00,40,3
2019-02-01 20:00:00,41,48
2019-02-01 20:00:00,42,35
2019-02-01 20:00:00,43,201
2019-02-01 20:00:00,45,28
2019-02-01 20:00:00,47,1
2019-02-01 20:00:00,48,523
2019-02-01 20:00:00,49,6
2019-02-01 20:00:00,50,105
2019-02-01 20:00:00,52,7
2019-02-01 20:00:00,54,1
2019-02-01 20:00:00,61,4
2019-02-01 20:00:00,65,15
2019-02-01 20:00:00,66,6
2019-02-01 20:00:00,68,368
2019-02-01 20:00:00,71,1
2019-02-01 20:00:00,72,1
2019-02-01 20:00:00,74,35
2019-02-01 20:00:00,75,78
2019-02-01 20:00:00,76,1
2019-02-01 20:00:00,78,1
2019-02-01 20:00:00,79,507
2019-02-01 20:00:00,80,5
2019-02-01 20:00:00,82,1
2019-02-01 20:00:00,85,1
2019-02-01 20:00:00,86,1
2019-02-01 20:00:00,87,154
2019-02-01 20:00:00,88,64
2019-02-01 20:00:00,90,314
2019-02-01 20:00:00,93,2
2019-02-01 20:00:00,95,3
2019-02-01 20:00:00,97,13
2019-02-01 20:00:00,100,264
2019-02-01 20:00:00,106,2
2019-02-01 20:00:00,107,425
2019-02-01 20:00:00,112,4
2019-02-01 20:00:00,113,284
2019-02-01 20:00:00,114,239
2019-02-01 20:00:00,116,16
2019-02-01 20:00:00,119,1
2019-02-01 20:00:00,125,99
2019-02-01 20:00:00,127,1
2019-02-01 20:00:00,129,3
2019-02-01 20:00:00,130,1
2019-02-01 20:00:00,132,341
2019-02-01 20:00:00,137,234
2019-02-01 20:00:00,138,365
2019-02-01 20:00:00,140,307
2019-02-01 20:00:00,141,419
2019-02-01 20:00:00,142,470
2019-02-01 20:00:00,143,148
2019-02-01 20:00:00,144,192
2019-02-01 20:00:00,145,16
2019-02-01 20:00:00,146,12
2019-02-01 20:00:00,148,171
2019-02-01 20:00:00,151,129
2019-02-01 20:00:00,152,10
2019-02-01 20:00:00,153,1
2019-02-01 20:00:00,158,135
2019-02-01 20:00:00,159,1
2019-02-01 20:00:00,161,748
2019-02-01 20:00:00,162,653
2019-02-01 20:00:00,163,433
2019-02-01 20:00:00,164,390
2019-02-01 20:00:00,166,96
2019-02-01 20:00:00,167,2
2019-02-01 20:00:00,168,3
2019-02-01 20:00:00,170,472
2019-02-01 20:00:00,177,1
2019-02-01 20:00:00,179,3
2019-02-01 20:00:00,181,16
2019-02-01 20:00:00,186,571
2019-02-01 20:00:00,188,2
2019-02-01 20:00:00,189,3
2019-02-01 20:00:00,193,6
2019-02-01 20:00:00,194,1
2019-02-01 20:00:00,196,3
2019-02-01 20:00:00,197,3
2019-02-01 20:00:00,202,2
2019-02-01 20:00:00,209,34
2019-02-01 20:00:00,211,141
2019-02-01 20:00:00,213,1
2019-02-01 20:00:00,215,2
2019-02-01 20:00:00,216,2
2019-02-01 20:00:00,217,1
2019-02-01 20:00:00,223,2
2019-02-01 20:00:00,224,21
2019-02-01 20:00:00,226,6
2019-02-01 20:00:00,228,3
2019-02-01 20:00:00,229,327
2019-02-01 20:00:00,230,524
2019-02-01 20:00:00,231,276
2019-02-01 20:00:00,232,39
2019-02-01 20:00:00,233,241
2019-02-01 20:00:00,234,613
2019-02-01 20:00:00,235,2
2019-02-01 20:00:00,236,468
2019-02-01 20:00:00,237,544
2019-02-01 20:00:00,238,232
2019-02-01 20:00:00,239,389
2019-02-01 20:00:00,243,2
2019-02-01 20:00:00,244,20
2019-02-01 20:00:00,246,172
2019-02-01 20:00:00,247,2
2019-02-01 20:00:00,249,353
2019-02-01 20:00:00,255,7
2019-02-01 20:00:00,256,12
2019-02-01 20:00:00,257,1
2019-02-01 20:00:00,259,1
2019-02-01 20:00:00,260,5
2019-02-01 20:00:00,261,87
2019-02-01 20:00:00,262,131
2019-02-01 20:00:00,263,376
2019-02-01 20:00:00,264,364
2019-02-01 20:00:00,265,4
2019-02-01 21:00:00,4,43
2019-02-01 21:00:00,7,13
2019-02-01 21:00:00,10,3
2019-02-01 21:00:00,13,99
2019-02-01 21:00:00,17,5
2019-02-01 21:00:00,18,1
2019-02-01 21:00:00,24,64
2019-02-01 21:00:00,25,20
2019-02-01 21:00:00,28,1
2019-02-01 21:00:00,33,10
2019-02-01 21:00:00,35,2
2019-02-01 21:00:00,36,1
2019-02-01 21:00:00,37,2
2019-02-01 21:00:00,39,1
2019-02-01 21:00:00,40,5
2019-02-01 21:00:00,41,54
2019-02-01 21:00:00,42,20
2019-02-01 21:00:00,43,132
2019-02-01 21:00:00,45,37
2019-02-01 21:00:00,47,2
2019-02-01 21:00:00,48,508
2019-02-01 21:00:00,49,5
2019-02-01 21:00:00,50,137
2019-02-01 21:00:00,52,1
2019-02-01 21:00:00,56,1
2019-02-01 21:00:00,61,1
2019-02-01 21:00:00,62,1
2019-02-01 21:00:00,65,14
2019-02-01 21:00:00,66,2
2019-02-01 21:00:00,67,1
2019-02-01 21:00:00,68,371
2019-02-01 21:00:00,69,1
2019-02-01 21:00:00,70,1
2019-02-01 21:00:00,71,1
2019-02-01 21:00:00,72,2
2019-02-01 21:00:00,74,42
2019-02-01 21:00:00,75,81
2019-02-01 21:00:00,79,653
2019-02-01 21:00:00,80,3
2019-02-01 21:00:00,82,1
2019-02-01 21:00:00,85,2
2019-02-01 21:00:00,87,113
2019-02-01 21:00:00,88,63
2019-02-01 21:00:00,89,1
2019-02-01 21:00:00,90,293
2019-02-01 21:00:00,95,2
2019-02-01 21:00:00,97,27
2019-02-01 21:00:00,100,254
2019-02-01 21:00:00,102,1
2019-02-01 21:00:00,106,1
2019-02-01 21:00:00,107,412
2019-02-01 21:00:00,112,7
2019-02-01 21:00:00,113,275
2019-02-01 21:00:00,114,282
2019-02-01 21:00:00,116,17
2019-02-01 21:00:00,121,1
2019-02-01 21:00:00,125,83
2019-02-01 21:00:00,127,2
2019-02-01 21:00:00,129,3
2019-02-01 21:00:00,130,1
2019-02-01 21:00:00,132,410
2019-02-01 21:00:00,133,1
2019-02-01 21:00:00,134,1
2019-02-01 21:00:00,136,1
2019-02-01 21:00:00,137,185
2019-02-01 21:00:00,138,407
2019-02-01 21:00:00,139,1
2019-02-01 21:00:00,140,210
2019-02-01 21:00:00,141,292
2019-02-01 21:00:00,142,554
2019-02-01 21:00:00,143,113
2019-02-01 21:00:00,144,171
2019-02-01 21:00:00,145,13
2019-02-01 21:00:00,146,13
2019-02-01 21:00:00,148,190
2019-02-01 21:00:00,151,99
2019-02-01 21:00:00,152,10
2019-02-01 21:00:00,157,1
2019-02-01 21:00:00,158,189
2019-02-01 21:00:00,159,2
2019-02-01 21:00:00,161,629
2019-02-01 21:00:00,162,471
2019-02-01 21:00:00,163,360
2019-02-01 21:00:00,164,367
2019-02-01 21:00:00,166,83
2019-02-01 21:00:00,167,1
2019-02-01 21:00:00,168,2
2019-02-01 21:00:00,169,1
2019-02-01 21:00:00,170,515
2019-02-01 21:00:00,179,4
2019-02-01 21:00:00,181,9
2019-02-01 21:00:00,186,599
2019-02-01 21:00:00,188,3
2019-02-01 21:00:00,189,6
2019-02-01 21:00:00,193,9
2019-02-01 21:00:00,197,1
2019-02-01 21:00:00,209,35
2019-02-01 21:00:00,211,120
2019-02-01 21:00:00,215,1
2019-02-01 21:00:00,216,1
2019-02-01 21:00:00,219,2
2019-02-01 21:00:00,223,4
2019-02-01 21:00:00,224,18
2019-02-01 21:00:00,225,1
2019-02-01 21:00:00,226,12
2019-02-01 21:00:00,228,1
2019-02-01 21:00:00,229,310
2019-02-01 21:00:00,230,573
2019-02-01 21:00:00,231,226
2019-02-01 21:00:00,232,27
2019-02-01 21:00:00,233,203
2019-02-01 21:00:00,234,550
2019-02-01 21:00:00,235,1
2019-02-01 21:00:00,236,429
2019-02-01 21:00:00,237,543
2019-02-01 21:00:00,238,201
2019-02-01 21:00:00,239,380
2019-02-01 21:00:00,241,1
2019-02-01 21:00:00,242,3
2019-02-01 21:00:00,243,5
2019-02-01 21:00:00,244,10
2019-02-01 21:00:00,246,136
2019-02-01 21:00:00,247,2
2019-02-01 21:00:00,249,441
2019-02-01 21:00:00,250,1
2019-02-01 21:00:00,254,1
2019-02-01 21:00:00,255,12
2019-02-01 21:00:00,256,10
2019-02-01 21:00:00,260,1
2019-02-01 21:00:00,261,55
2019-02-01 21:00:00,262,123
2019-02-01 21:00:00,263,342
2019-02-01 21:00:00,264,349
2019-02-01 21:00:00,265,7
2019-02-01 22:00:00,4,30
2019-02-01 22:00:00,7,17
2019-02-01 22:00:00,9,1
2019-02-01 22:00:00,10,4
2019-02-01 22:00:00,12,3
2019-02-01 22:00:00,13,92
2019-02-01 22:00:00,14,1
2019-02-01 22:00:00,17,3
2019-02-01 22:00:00,22,1
2019-02-01 22:00:00,24,37
2019-02-01 22:00:00,25,9
2019-02-01 22:00:00,28,2
2019-02-01 22:00:00,33,17
2019-02-01 22:00:00,35,1
2019-02-01 22:00:00,37,3
2019-02-01 22:00:00,40,5
2019-02-01 22:00:00,41,53
2019-02-01 22:00:00,42,15
2019-02-01 22:00:00,43,113
2019-02-01 22:00:00,45,36
2019-02-01 22:00:00,47,1
2019-02-01 22:00:00,48,821
2019-02-01 22:00:00,49,2
2019-02-01 22:00:00,50,187
2019-02-01 22:00:00,52,4
2019-02-01 22:00:00,54,1
2019-02-01 22:00:00,60,1
2019-02-01 22:00:00,65,12
2019-02-01 22:00:00,66,4
2019-02-01 22:00:00,67,1
2019-02-01 22:00:00,68,508
2019-02-01 22:00:00,74,41
2019-02-01 22:00:00,75,73
2019-02-01 22:00:00,79,693
2019-02-01 22:00:00,80,5
2019-02-01 22:00:00,82,1
2019-02-01 22:00:00,87,83
2019-02-01 22:00:00,88,55
2019-02-01 22:00:00,90,317
2019-02-01 22:00:00,92,3
2019-02-01 22:00:00,93,2
2019-02-01 22:00:00,95,2
2019-02-01 22:00:00,97,16
2019-02-01 22:00:00,100,300
2019-02-01 22:00:00,106,3
2019-02-01 22:00:00,107,435
2019-02-01 22:00:00,112,4
2019-02-01 22:00:00,113,269
2019-02-01 22:00:00,114,321
2019-02-01 22:00:00,116,18
2019-02-01 22:00:00,125,99
2019-02-01 22:00:00,126,1
2019-02-01 22:00:00,127,1
2019-02-01 22:00:00,129,8
2019-02-01 22:00:00,130,2
2019-02-01 22:00:00,132,460
2019-02-01 22:00:00,134,1
2019-02-01 22:00:00,137,192
2019-02-01 22:00:00,138,381
2019-02-01 22:00:00,140,149
2019-02-01 22:00:00,141,320
2019-02-01 22:00:00,142,753
2019-02-01 22:00:00,143,114
2019-02-01 22:00:00,144,204
2019-02-01 22:00:00,145,16
2019-02-01 22:00:00,146,7
2019-02-01 22:00:00,148,274
2019-02-01 22:00:00,151,109
2019-02-01 22:00:00,152,9
2019-02-01 22:00:00,158,175
2019-02-01 22:00:00,159,1
2019-02-01 22:00:00,161,500
2019-02-01 22:00:00,162,361
2019-02-01 22:00:00,163,397
2019-02-01 22:00:00,164,436
2019-02-01 22:00:00,166,55
2019-02-01 22:00:00,168,2
2019-02-01 22:00:00,169,2
2019-02-01 22:00:00,170,429
2019-02-01 22:00:00,177,1
2019-02-01 22:00:00,179,1
2019-02-01 22:00:00,181,27
2019-02-01 22:00:00,186,570
2019-02-01 22:00:00,189,4
2019-02-01 22:00:00,193,11
2019-02-01 22:00:00,194,1
2019-02-01 22:00:00,196,2
2019-02-01 22:00:00,198,2
2019-02-01 22:00:00,205,1
2019-02-01 22:00:00,209,33
2019-02-01 22:00:00,211,141
2019-02-01 22:00:00,216,1
2019-02-01 22:00:00,217,1
2019-02-01 22:00:00,218,1
2019-02-01 22:00:00,223,4
2019-02-01 22:00:00,224,17
2019-02-01 22:00:00,225,6
2019-02-01 22:00:00,226,7
2019-02-01 22:00:00,229,276
2019-02-01 22:00:00,230,905
2019-02-01 22:00:00,231,287
2019-02-01 22:00:00,232,45
2019-02-01 22:00:00,233,133
2019-02-01 22:00:00,234,551
2019-02-01 22:00:00,235,1
2019-02-01 22:00:00,236,366
2019-02-01 22:00:00,237,459
2019-02-01 22:00:00,238,183
2019-02-01 22:00:00,239,328
2019-02-01 22:00:00,242,2
2019-02-01 22:00:00,243,5
2019-02-01 22:00:00,244,12
2019-02-01 22:00:00,246,163
2019-02-01 22:00:00,247,3
2019-02-01 22:00:00,248,1
2019-02-01 22:00:00,249,452
2019-02-01 22:00:00,254,1
2019-02-01 22:00:00,255,18
2019-02-01 22:00:00,256,21
2019-02-01 22:00:00,260,2
2019-02-01 22:00:00,261,55
2019-02-01 22:00:00,262,121
2019-02-01 22:00:00,263,290
2019-02-01 22:00:00,264,393
2019-02-01 22:00:00,265,9
2019-02-01 23:00:00,4,68
2019-02-01 23:00:00,7,14
2019-02-01 23:00:00,10,5
2019-02-01 23:00:00,12,4
2019-02-01 23:00:00,13,52
2019-02-01 23:00:00,14,2
2019-02-01 23:00:00,16,1
2019-02-01 23:00:00,17,6
2019-02-01 23:00:00,24,35
2019-02-01 23:00:00,25,16
2019-02-01 23:00:00,28,1
2019-02-01 23:00:00,29,1
2019-02-01 23:00:00,33,16
2019-02-01 23:00:00,35,2
2019-02-01 23:00:00,37,1
2019-02-01 23:00:00,39,3
2019-02-01 23:00:00,40,5
2019-02-01 23:00:00,41,42
2019-02-01 23:00:00,42,24
2019-02-01 23:00:00,43,115
2019-02-01 23:00:00,45,36
2019-02-01 23:00:00,48,681
2019-02-01 23:00:00,49,6
2019-02-01 23:00:00,50,113
2019-02-01 23:00:00,52,3
2019-02-01 23:00:00,56,1
2019-02-01 23:00:00,61,5
2019-02-01 23:00:00,62,1
2019-02-01 23:00:00,65,11
2019-02-01 23:00:00,66,5
2019-02-01 23:00:00,68,384
2019-02-01 23:00:00,74,35
2019-02-01 23:00:00,75,51
2019-02-01 23:00:00,79,893
2019-02-01 23:00:00,80,20
2019-02-01 23:00:00,82,1
2019-02-01 23:00:00,83,1
2019-02-01 23:00:00,85,1
2019-02-01 23:00:00,87,107
2019-02-01 23:00:00,88,50
2019-02-01 23:00:00,89,4
2019-02-01 23:00:00,90,307
2019-02-01 23:00:00,92,2
2019-02-01 23:00:00,93,1
2019-02-01 23:00:00,97,15
2019-02-01 23:00:00,100,241
2019-02-01 23:00:00,106,7
2019-02-01 23:00:00,107,389
2019-02-01 23:00:00,112,17
2019-02-01 23:00:00,113,244
2019-02-01 23:00:00,114,443
2019-02-01 23:00:00,116,15
2019-02-01 23:00:00,125,81
2019-02-01 23:00:00,126,1
2019-02-01 23:00:00,127,1
2019-02-01 23:00:00,129,7
2019-02-01 23:00:00,130,1
2019-02-01 23:00:00,132,239
2019-02-01 23:00:00,136,1
2019-02-01 23:00:00,137,166
2019-02-01 23:00:00,138,290
2019-02-01 23:00:00,139,1
2019-02-01 23:00:00,140,111
2019-02-01 23:00:00,141,249
2019-02-01 23:00:00,142,480
2019-02-01 23:00:00,143,98
2019-02-01 23:00:00,144,172
2019-02-01 23:00:00,145,14
2019-02-01 23:00:00,146,9
2019-02-01 23:00:00,148,434
2019-02-01 23:00:00,151,53
2019-02-01 23:00:00,152,12
2019-02-01 23:00:00,157,1
2019-02-01 23:00:00,158,190
2019-02-01 23:00:00,161,418
2019-02-01 23:00:00,162,289
2019-02-01 23:00:00,163,262
2019-02-01 23:00:00,164,403
2019-02-01 23:00:00,166,47
2019-02-01 23:00:00,168,1
2019-02-01 23:00:00,169,1
2019-02-01 23:00:00,170,303
2019-02-01 23:00:00,177,1
2019-02-01 23:00:00,179,5
2019-02-01 23:00:00,181,16
2019-02-01 23:00:00,186,400
2019-02-01 23:00:00,188,1
2019-02-01 23:00:00,189,2
2019-02-01 23:00:00,191,1
2019-02-01 23:00:00,192,1
2019-02-01 23:00:00,193,6
2019-02-01 23:00:00,194,1
2019-02-01 23:00:00,200,1
2019-02-01 23:00:00,208,1
2019-02-01 23:00:00,209,33
2019-02-01 23:00:00,211,137
2019-02-01 23:00:00,219,1
2019-02-01 23:00:00,220,2
2019-02-01 23:00:00,223,4
2019-02-01 23:00:00,224,35
2019-02-01 23:00:00,225,1
2019-02-01 23:00:00,226,11
2019-02-01 23:00:00,228,1
2019-02-01 23:00:00,229,250
2019-02-01 23:00:00,230,642
2019-02-01 23:00:00,231,242
2019-02-01 23:00:00,232,57
2019-02-01 23:00:00,233,137
2019-02-01 23:00:00,234,580
2019-02-01 23:00:00,235,2
2019-02-01 23:00:00,236,210
2019-02-01 23:00:00,237,337
2019-02-01 23:00:00,238,140
2019-02-01 23:00:00,239,223
2019-02-01 23:00:00,243,1
2019-02-01 23:00:00,244,12
2019-02-01 23:00:00,246,162
2019-02-01 23:00:00,248,1
2019-02-01 23:00:00,249,566
2019-02-01 23:00:00,250,1
2019-02-01 23:00:00,255,32
2019-02-01 23:00:00,256,15
2019-02-01 23:00:00,260,2
2019-02-01 23:00:00,261,41
2019-02-01 23:00:00,262,67
2019-02-01 23:00:00,263,234
2019-02-01 23:00:00,264,367
2019-02-01 23:00:00,265,4
